transaction_id,merchant_id,order_id,payment_id,payment_status,payment_amount,payment_currency,payment_timestamp,settlement_id,settlement_amount,settlement_currency,settlement_timestamp,fee_id,fee_amount,fee_type,tax_amount,refund_id,refund_amount,refund_status,adjustment_id,adjustment_amount,scenario_type,ground_truth
TXN_000001,MER_001,ORD_000001,PAY_000001,SUCCESS,97296.00,INR,2026-02-20T10:37:00,SET_000001,72972.00,INR,2026-02-21T10:37:00,,0.00,,0.00,REF_000001,24324.00,PROCESSED,ADJ_000001,0.00,RECONCILED_PARTIAL,RECONCILED_PARTIAL
TXN_000002,MER_002,ORD_000002,PAY_000002,SUCCESS,88796.00,INR,2026-05-16T05:01:00,SET_000002,87020.08,INR,2026-05-19T05:01:00,FEE_000002,1775.92,PROCESSING_FEE,0.00,,0.00,,ADJ_000002,0.00,PROCESSING_FEE,PROCESSING_FEE
TXN_000003,MER_007,ORD_000003,PAY_000003,SUCCESS,4265.00,INR,2026-01-06T19:11:00,SET_000003,4265.00,INR,2026-01-07T19:11:00,,0.00,,0.00,,0.00,,ADJ_000003,0.00,NORMAL,NORMAL
TXN_000004,MER_001,ORD_000004,PAY_000004,SUCCESS,73663.00,INR,2026-02-06T13:44:00,SET_000004,72189.74,INR,2026-02-09T13:44:00,FEE_000004,1473.26,PROCESSING_FEE,0.00,,0.00,,ADJ_000004,0.00,PROCESSING_FEE,PROCESSING_FEE
TXN_000005,MER_007,ORD_000005,PAY_000005,SUCCESS,28993.00,INR,2026-03-24T03:37:00,SET_000005,21744.75,INR,2026-03-27T03:37:00,,0.00,,0.00,REF_000005,7248.25,PROCESSED,ADJ_000005,0.00,RECONCILED_PARTIAL,RECONCILED_PARTIAL
TXN_000006,MER_001,ORD_000006,PAY_000006,SUCCESS,99558.00,INR,2026-05-28T01:40:00,SET_000006,97566.84,INR,2026-05-29T01:40:00,FEE_000006,1991.16,PROCESSING_FEE,0.00,,0.00,,ADJ_000006,0.00,PROCESSING_FEE,PROCESSING_FEE
TXN_000007,MER_006,ORD_000007,PAY_000007,SUCCESS,36521.00,INR,2026-01-29T16:18:00,,0.00,INR,,,0.00,,0.00,,0.00,,ADJ_000007,0.00,MISSING_SETTLEMENT,MISSING_SETTLEMENT
TXN_000008,MER_006,ORD_000008,PAY_000008,SUCCESS,13496.00,INR,2026-01-18T06:12:00,SET_000008,0.00,INR,2026-01-20T06:12:00,,0.00,,0.00,REF_000008,18894.40,PROCESSED,ADJ_000008,0.00,INVALID_REFUND,INVALID_REFUND
TXN_000009,MER_006,ORD_000009,PAY_000009,SUCCESS,79231.00,INR,2026-02-18T12:42:00,SET_000009,79231.00,INR,2026-02-19T12:42:00,,0.00,,0.00,,0.00,,ADJ_000009,0.00,NORMAL,NORMAL
TXN_000010,MER_002,ORD_000010,PAY_000010,SUCCESS,49715.00,INR,2026-01-15T17:16:00,,0.00,INR,,,0.00,,0.00,,0.00,,ADJ_000010,0.00,MISSING_SETTLEMENT,MISSING_SETTLEMENT
TXN_000011,MER_006,ORD_000011,PAY_000011,SUCCESS,75774.00,INR,2026-02-05T09:07:00,SET_000011,74258.52,INR,2026-02-08T09:07:00,FEE_000011,1515.48,PROCESSING_FEE,0.00,,0.00,,ADJ_000011,0.00,PROCESSING_FEE,PROCESSING_FEE
TXN_000012,MER_004,ORD_000012,PAY_000012,SUCCESS,38030.00,INR,2026-06-29T17:29:00,SET_000012,38030.00,INR,2026-06-30T17:29:00,,0.00,,0.00,,0.00,,ADJ_000012,0.00,NORMAL,NORMAL
TXN_000013,MER_002,ORD_000013,PAY_000013,SUCCESS,49923.00,INR,2026-02-20T23:29:00,SET_000013,49923.00,INR,2026-02-22T23:29:00,,0.00,,0.00,REF_000013,9984.60,PROCESSED,ADJ_000013,0.00,UNSUPPORTED_REFUND,UNSUPPORTED_REFUND
TXN_000014,MER_006,ORD_000014,PAY_000014,SUCCESS,21419.00,INR,2026-03-09T18:20:00,SET_000014,16064.25,INR,2026-03-11T18:20:00,,0.00,,0.00,REF_000014,5354.75,PROCESSED,ADJ_000014,0.00,RECONCILED_PARTIAL,RECONCILED_PARTIAL
TXN_000015,MER_005,ORD_000015,PAY_000015,SUCCESS,92088.00,INR,2026-06-20T21:18:00,SET_000015,90246.24,INR,2026-06-23T21:18:00,FEE_000015,1841.76,PROCESSING_FEE,0.00,,0.00,,ADJ_000015,0.00,PROCESSING_FEE,PROCESSING_FEE
TXN_000016,MER_003,ORD_000016,PAY_000016,SUCCESS,70110.00,INR,2026-05-14T02:36:00,SET_000016,52582.50,INR,2026-05-15T02:36:00,,0.00,,0.00,REF_000016,17527.50,PROCESSED,ADJ_000016,0.00,RECONCILED_PARTIAL,RECONCILED_PARTIAL
TXN_000017,MER_007,ORD_000017,PAY_000017,SUCCESS,35482.00,INR,2026-06-18T20:05:00,SET_000017,35482.00,INR,2026-06-21T20:05:00,,0.00,,0.00,,0.00,,ADJ_000017,0.00,NORMAL,NORMAL
TXN_000018,MER_004,ORD_000018,PAY_000018,SUCCESS,89833.00,INR,2026-03-01T09:48:00,,0.00,INR,,,0.00,,0.00,,0.00,,ADJ_000018,0.00,MISSING_SETTLEMENT,MISSING_SETTLEMENT
TXN_000019,MER_001,ORD_000019,PAY_000019,SUCCESS,41447.00,INR,2026-03-15T09:42:00,SET_000019,40618.06,INR,2026-03-17T09:42:00,FEE_000019,828.94,PROCESSING_FEE,0.00,,0.00,,ADJ_000019,0.00,PROCESSING_FEE,PROCESSING_FEE
TXN_000020,MER_006,ORD_000020,PAY_000020,SUCCESS,27969.00,INR,2026-04-30T16:39:00,SET_000020,27969.00,INR,2026-05-02T16:39:00,,0.00,,0.00,,0.00,,ADJ_000020,0.00,NORMAL,NORMAL
TXN_000021,MER_008,ORD_000021,PAY_000021,SUCCESS,18826.00,INR,2026-02-18T14:16:00,SET_000021,14119.50,INR,2026-02-19T14:16:00,,0.00,,0.00,REF_000021,4706.50,PROCESSED,ADJ_000021,0.00,RECONCILED_REFUND,RECONCILED_REFUND
TXN_000022,MER_005,ORD_000022,PAY_000022,SUCCESS,98012.00,INR,2026-04-17T19:05:00,SET_000022,96051.76,INR,2026-04-19T19:05:00,FEE_000022,1960.24,PROCESSING_FEE,0.00,,0.00,,ADJ_000022,0.00,PROCESSING_FEE,PROCESSING_FEE
TXN_000023,MER_007,ORD_000023,PAY_000023,SUCCESS,47547.00,INR,2026-02-10T07:13:00,SET_000023,47547.00,INR,2026-02-11T07:13:00,,0.00,,0.00,,0.00,,ADJ_000023,0.00,DUPLICATE_SETTLEMENT,DUPLICATE_SETTLEMENT
TXN_000024,MER_002,ORD_000024,PAY_000024,SUCCESS,99161.00,INR,2026-01-09T22:51:00,SET_000024,99161.00,INR,2026-01-10T22:51:00,,0.00,,0.00,,0.00,,ADJ_000024,0.00,DUPLICATE_PAYMENT_ATTEMPT,DUPLICATE_PAYMENT_ATTEMPT
TXN_000025,MER_003,ORD_000025,PAY_000025,SUCCESS,89292.00,INR,2026-03-19T05:26:00,SET_000025,89292.00,INR,2026-03-22T05:26:00,,0.00,,0.00,,0.00,,ADJ_000025,0.00,NORMAL,NORMAL
TXN_000026,MER_007,ORD_000026,PAY_000026,SUCCESS,78204.00,INR,2026-03-27T13:56:00,SET_000026,78204.00,INR,2026-03-30T13:56:00,,0.00,,0.00,,0.00,,ADJ_000026,0.00,NORMAL,NORMAL
TXN_000027,MER_001,ORD_000027,PAY_000027,SUCCESS,89266.00,INR,2026-05-12T13:52:00,SET_000027,87480.68,INR,2026-05-13T13:52:00,FEE_000027,1785.32,PROCESSING_FEE,0.00,,0.00,,ADJ_000027,0.00,PROCESSING_FEE,PROCESSING_FEE
TXN_000028,MER_005,ORD_000028,PAY_000028,SUCCESS,84112.00,INR,2026-03-04T07:14:00,,0.00,INR,,,0.00,,0.00,,0.00,,ADJ_000028,0.00,MISSING_SETTLEMENT,MISSING_SETTLEMENT
TXN_000029,MER_003,ORD_000029,PAY_000029,SUCCESS,59570.00,INR,2026-01-01T23:10:00,SET_000029,58378.60,INR,2026-01-04T23:10:00,FEE_000029,1191.40,PROCESSING_FEE,0.00,,0.00,,ADJ_000029,0.00,PROCESSING_FEE,PROCESSING_FEE
TXN_000030,MER_005,ORD_000030,PAY_000030,SUCCESS,65712.00,INR,2026-05-20T02:03:00,SET_000030,65712.00,INR,2026-05-21T02:03:00,,0.00,,0.00,,0.00,,ADJ_000030,0.00,DUPLICATE_SETTLEMENT,DUPLICATE_SETTLEMENT
TXN_000031,MER_002,ORD_000031,PAY_000031,SUCCESS,82059.00,INR,2026-02-24T16:55:00,SET_000031,82059.00,INR,2026-02-27T16:55:00,,0.00,,0.00,,0.00,,ADJ_000031,0.00,DUPLICATE_PAYMENT_ATTEMPT,DUPLICATE_PAYMENT_ATTEMPT
TXN_000032,MER_004,ORD_000032,PAY_000032,SUCCESS,20132.00,INR,2026-03-10T10:39:00,SET_000032,20132.00,INR,2026-03-11T10:39:00,,0.00,,0.00,,0.00,,ADJ_000032,0.00,DUPLICATE_PAYMENT_ATTEMPT,DUPLICATE_PAYMENT_ATTEMPT
TXN_000033,MER_001,ORD_000033,PAY_000033,SUCCESS,78604.00,INR,2026-03-01T09:15:00,SET_000033,78604.00,INR,2026-03-03T09:15:00,,0.00,,0.00,,0.00,,ADJ_000033,0.00,DUPLICATE_PAYMENT_ATTEMPT,DUPLICATE_PAYMENT_ATTEMPT
TXN_000034,MER_006,ORD_000034,PAY_000034,SUCCESS,40406.00,INR,2026-02-13T23:10:00,SET_000034,40406.00,INR,2026-02-14T23:10:00,,0.00,,0.00,,0.00,,ADJ_000034,0.00,NORMAL,NORMAL
TXN_000035,MER_002,ORD_000035,PAY_000035,SUCCESS,11326.00,INR,2026-05-14T14:45:00,SET_000035,11099.48,INR,2026-05-16T14:45:00,FEE_000035,226.52,PROCESSING_FEE,0.00,,0.00,,ADJ_000035,0.00,PROCESSING_FEE,PROCESSING_FEE
TXN_000036,MER_003,ORD_000036,PAY_000036,SUCCESS,16928.00,INR,2026-05-01T11:29:00,SET_000036,16081.60,INR,2026-05-03T11:29:00,,0.00,,0.00,,0.00,,ADJ_000036,0.00,UNEXPLAINED_DISCREPANCY,UNEXPLAINED_DISCREPANCY
TXN_000037,MER_003,ORD_000037,PAY_000037,SUCCESS,34841.00,INR,2026-04-07T10:26:00,SET_000037,0.00,INR,2026-04-10T10:26:00,,0.00,,0.00,REF_000037,48777.40,PROCESSED,ADJ_000037,0.00,INVALID_REFUND,INVALID_REFUND
TXN_000038,MER_004,ORD_000038,PAY_000038,SUCCESS,70786.00,INR,2026-05-18T20:48:00,SET_000038,53089.50,INR,2026-05-21T20:48:00,,0.00,,0.00,REF_000038,17696.50,PROCESSED,ADJ_000038,0.00,RECONCILED_REFUND,RECONCILED_REFUND
TXN_000039,MER_005,ORD_000039,PAY_000039,SUCCESS,52396.00,INR,2026-05-03T15:38:00,,0.00,INR,,,0.00,,0.00,,0.00,,ADJ_000039,0.00,MISSING_SETTLEMENT,MISSING_SETTLEMENT
TXN_000040,MER_008,ORD_000040,PAY_000040,SUCCESS,15960.00,INR,2026-02-15T12:06:00,SET_000040,11970.00,INR,2026-02-16T12:06:00,,0.00,,0.00,REF_000040,3990.00,PROCESSED,ADJ_000040,0.00,RECONCILED_REFUND,RECONCILED_REFUND
TXN_000041,MER_001,ORD_000041,PAY_000041,SUCCESS,77210.00,INR,2026-04-12T05:07:00,SET_000041,77210.00,INR,2026-04-13T05:07:00,,0.00,,0.00,,0.00,,ADJ_000041,0.00,NORMAL,NORMAL
TXN_000042,MER_001,ORD_000042,PAY_000042,SUCCESS,9405.00,INR,2026-05-10T05:36:00,SET_000042,9405.00,INR,2026-05-15T05:36:00,,0.00,,0.00,,0.00,,ADJ_000042,0.00,SETTLEMENT_DELAY,SETTLEMENT_DELAY
TXN_000043,MER_002,ORD_000043,PAY_000043,SUCCESS,4217.00,INR,2026-06-06T20:48:00,SET_000043,4217.00,INR,2026-06-08T20:48:00,,0.00,,0.00,,0.00,,ADJ_000043,0.00,NORMAL,NORMAL
TXN_000044,MER_004,ORD_000044,PAY_000044,SUCCESS,36600.00,INR,2026-05-03T03:48:00,SET_000044,36600.00,INR,2026-05-05T03:48:00,,0.00,,0.00,,0.00,,ADJ_000044,0.00,NORMAL,NORMAL
TXN_000045,MER_003,ORD_000045,PAY_000045,SUCCESS,94911.00,INR,2026-06-20T16:19:00,SET_000045,93012.78,INR,2026-06-23T16:19:00,FEE_000045,1898.22,PROCESSING_FEE,0.00,,0.00,,ADJ_000045,0.00,PROCESSING_FEE,PROCESSING_FEE
TXN_000046,MER_004,ORD_000046,PAY_000046,SUCCESS,62093.00,INR,2026-05-28T09:00:00,SET_000046,62093.00,INR,2026-06-02T09:00:00,,0.00,,0.00,,0.00,,ADJ_000046,0.00,SETTLEMENT_DELAY,SETTLEMENT_DELAY
TXN_000047,MER_002,ORD_000047,PAY_000047,SUCCESS,86474.00,INR,2026-03-20T20:17:00,SET_000047,86474.00,INR,2026-03-22T20:17:00,,0.00,,0.00,,0.00,,ADJ_000047,0.00,NORMAL,NORMAL
TXN_000048,MER_008,ORD_000048,PAY_000048,SUCCESS,95661.00,INR,2026-01-11T05:40:00,SET_000048,71745.75,INR,2026-01-14T05:40:00,,0.00,,0.00,REF_000048,23915.25,PROCESSED,ADJ_000048,0.00,RECONCILED_REFUND,RECONCILED_REFUND
TXN_000049,MER_002,ORD_000049,PAY_000049,SUCCESS,8044.00,INR,2026-03-15T16:04:00,SET_000049,6033.00,INR,2026-03-18T16:04:00,,0.00,,0.00,REF_000049,2011.00,PROCESSED,ADJ_000049,0.00,RECONCILED_PARTIAL,RECONCILED_PARTIAL
TXN_000050,MER_002,ORD_000050,PAY_000050,SUCCESS,32691.00,INR,2026-02-05T06:04:00,SET_000050,31919.49,INR,2026-02-06T06:04:00,FEE_000050,653.82,PROCESSING_FEE,117.69,,0.00,,ADJ_000050,0.00,RECONCILED_TAX,RECONCILED_TAX
TXN_000051,MER_003,ORD_000051,PAY_000051,SUCCESS,55396.00,INR,2026-02-03T18:40:00,SET_000051,55396.00,INR,2026-02-05T18:40:00,,0.00,,0.00,,0.00,,ADJ_000051,0.00,DUPLICATE_PAYMENT_ATTEMPT,DUPLICATE_PAYMENT_ATTEMPT
TXN_000052,MER_002,ORD_000052,PAY_000052,FAILED,58182.00,INR,2026-05-28T11:18:00,SET_000052,0.00,INR,2026-05-31T11:18:00,,0.00,,0.00,,0.00,,ADJ_000052,0.00,PAYMENT_FAILED,PAYMENT_FAILED
TXN_000053,MER_001,ORD_000053,PAY_000053,SUCCESS,12324.00,INR,2026-06-19T00:21:00,SET_000053,12324.00,INR,2026-06-20T00:21:00,,0.00,,0.00,,0.00,,ADJ_000053,0.00,NORMAL,NORMAL
TXN_000054,MER_008,ORD_000054,PAY_000054,SUCCESS,63192.00,INR,2026-02-09T06:52:00,SET_000054,63192.00,INR,2026-02-11T06:52:00,,0.00,,0.00,,0.00,,ADJ_000054,0.00,NORMAL,NORMAL
TXN_000055,MER_003,ORD_000055,PAY_000055,SUCCESS,49772.00,INR,2026-01-01T18:25:00,SET_000055,49772.00,INR,2026-01-03T18:25:00,,0.00,,0.00,,0.00,,ADJ_000055,0.00,DUPLICATE_SETTLEMENT,DUPLICATE_SETTLEMENT
TXN_000056,MER_008,ORD_000056,PAY_000056,SUCCESS,37488.00,INR,2026-03-19T09:08:00,SET_000056,36738.24,INR,2026-03-22T09:08:00,FEE_000056,749.76,PROCESSING_FEE,0.00,,0.00,,ADJ_000056,0.00,PROCESSING_FEE,PROCESSING_FEE
TXN_000057,MER_008,ORD_000057,PAY_000057,SUCCESS,20389.00,INR,2026-02-04T22:40:00,SET_000057,0.00,INR,2026-02-06T22:40:00,,0.00,,0.00,REF_000057,28544.60,PROCESSED,ADJ_000057,0.00,INVALID_REFUND,INVALID_REFUND
TXN_000058,MER_001,ORD_000058,PAY_000058,SUCCESS,76014.00,INR,2026-05-15T07:29:00,SET_000058,74493.72,INR,2026-05-18T07:29:00,FEE_000058,1520.28,PROCESSING_FEE,0.00,,0.00,,ADJ_000058,0.00,PROCESSING_FEE,PROCESSING_FEE
TXN_000059,MER_006,ORD_000059,PAY_000059,SUCCESS,7592.00,INR,2026-01-10T12:04:00,SET_000059,7592.00,INR,2026-01-13T12:04:00,,0.00,,0.00,,0.00,,ADJ_000059,0.00,NORMAL,NORMAL
TXN_000060,MER_003,ORD_000060,PAY_000060,FAILED,7555.00,INR,2026-06-25T06:42:00,SET_000060,0.00,INR,2026-06-28T06:42:00,,0.00,,0.00,,0.00,,ADJ_000060,0.00,PAYMENT_FAILED,PAYMENT_FAILED
TXN_000061,MER_003,ORD_000061,PAY_000061,SUCCESS,9081.00,INR,2026-04-19T16:44:00,SET_000061,9081.00,INR,2026-04-20T16:44:00,,0.00,,0.00,,0.00,,ADJ_000061,0.00,NORMAL,NORMAL
TXN_000062,MER_004,ORD_000062,PAY_000062,SUCCESS,53023.00,INR,2026-01-23T04:47:00,SET_000062,39767.25,INR,2026-01-26T04:47:00,,0.00,,0.00,REF_000062,13255.75,PROCESSED,ADJ_000062,0.00,RECONCILED_PARTIAL,RECONCILED_PARTIAL
TXN_000063,MER_001,ORD_000063,PAY_000063,SUCCESS,81283.00,INR,2026-01-16T07:11:00,SET_000063,79657.34,INR,2026-01-18T07:11:00,FEE_000063,1625.66,PROCESSING_FEE,0.00,,0.00,,ADJ_000063,0.00,PROCESSING_FEE,PROCESSING_FEE
TXN_000064,MER_006,ORD_000064,PAY_000064,SUCCESS,34279.00,INR,2026-02-07T13:25:00,SET_000064,25709.25,INR,2026-02-10T13:25:00,,0.00,,0.00,REF_000064,8569.75,PROCESSED,ADJ_000064,0.00,RECONCILED_PARTIAL,RECONCILED_PARTIAL
TXN_000065,MER_004,ORD_000065,PAY_000065,SUCCESS,34914.00,INR,2026-03-14T10:12:00,,0.00,INR,,,0.00,,0.00,,0.00,,ADJ_000065,0.00,MISSING_SETTLEMENT,MISSING_SETTLEMENT
TXN_000066,MER_005,ORD_000066,PAY_000066,SUCCESS,60029.00,INR,2026-02-27T22:23:00,SET_000066,45021.75,INR,2026-02-28T22:23:00,,0.00,,0.00,REF_000066,15007.25,PROCESSED,ADJ_000066,0.00,RECONCILED_PARTIAL,RECONCILED_PARTIAL
TXN_000067,MER_002,ORD_000067,PAY_000067,SUCCESS,9702.00,INR,2026-04-09T05:57:00,SET_000067,9702.00,INR,2026-04-10T05:57:00,,0.00,,0.00,,0.00,,ADJ_000067,0.00,NORMAL,NORMAL
TXN_000068,MER_003,ORD_000068,PAY_000068,SUCCESS,45845.00,INR,2026-06-10T17:33:00,SET_000068,45845.00,INR,2026-06-11T17:33:00,,0.00,,0.00,,0.00,,ADJ_000068,0.00,DUPLICATE_PAYMENT_ATTEMPT,DUPLICATE_PAYMENT_ATTEMPT
TXN_000069,MER_006,ORD_000069,PAY_000069,SUCCESS,37453.00,INR,2026-01-30T02:12:00,SET_000069,37453.00,INR,2026-02-01T02:12:00,,0.00,,0.00,,0.00,,ADJ_000069,0.00,DUPLICATE_SETTLEMENT,DUPLICATE_SETTLEMENT
TXN_000070,MER_005,ORD_000070,PAY_000070,SUCCESS,80273.00,INR,2026-06-29T11:31:00,SET_000070,80273.00,INR,2026-07-02T11:31:00,,0.00,,0.00,REF_000070,16054.60,PROCESSED,ADJ_000070,0.00,UNSUPPORTED_REFUND,UNSUPPORTED_REFUND
TXN_000071,MER_005,ORD_000071,PAY_000071,SUCCESS,87051.00,INR,2026-01-20T05:34:00,SET_000071,87051.00,INR,2026-01-21T05:34:00,,0.00,,0.00,,0.00,,ADJ_000071,0.00,DUPLICATE_PAYMENT_ATTEMPT,DUPLICATE_PAYMENT_ATTEMPT
TXN_000072,MER_002,ORD_000072,PAY_000072,SUCCESS,97410.00,INR,2026-04-12T02:04:00,SET_000072,95461.80,INR,2026-04-13T02:04:00,FEE_000072,1948.20,PROCESSING_FEE,0.00,,0.00,,ADJ_000072,0.00,PROCESSING_FEE,PROCESSING_FEE
TXN_000073,MER_004,ORD_000073,PAY_000073,SUCCESS,94158.00,INR,2026-03-04T19:04:00,SET_000073,92274.84,INR,2026-03-05T19:04:00,FEE_000073,1883.16,PROCESSING_FEE,0.00,,0.00,,ADJ_000073,0.00,PROCESSING_FEE,PROCESSING_FEE
TXN_000074,MER_005,ORD_000074,PAY_000074,SUCCESS,66344.00,INR,2026-03-31T07:25:00,,0.00,INR,,,0.00,,0.00,,0.00,,ADJ_000074,0.00,MISSING_SETTLEMENT,MISSING_SETTLEMENT
TXN_000075,MER_001,ORD_000075,PAY_000075,SUCCESS,12197.00,INR,2026-04-26T20:13:00,SET_000075,12197.00,INR,2026-04-28T20:13:00,,0.00,,0.00,,0.00,,ADJ_000075,0.00,DUPLICATE_SETTLEMENT,DUPLICATE_SETTLEMENT
TXN_000076,MER_001,ORD_000076,PAY_000076,SUCCESS,564.00,INR,2026-03-03T02:19:00,SET_000076,564.00,INR,2026-03-04T02:19:00,,0.00,,0.00,REF_000076,112.80,PROCESSED,ADJ_000076,0.00,UNSUPPORTED_REFUND,UNSUPPORTED_REFUND
TXN_000077,MER_005,ORD_000077,PAY_000077,SUCCESS,21278.00,INR,2026-05-16T07:29:00,SET_000077,15958.50,INR,2026-05-18T07:29:00,,0.00,,0.00,REF_000077,5319.50,PROCESSED,ADJ_000077,0.00,RECONCILED_PARTIAL,RECONCILED_PARTIAL
TXN_000078,MER_007,ORD_000078,PAY_000078,SUCCESS,73619.00,INR,2026-01-03T03:14:00,SET_000078,73619.00,INR,2026-01-04T03:14:00,,0.00,,0.00,,0.00,,ADJ_000078,0.00,DUPLICATE_PAYMENT_ATTEMPT,DUPLICATE_PAYMENT_ATTEMPT
TXN_000079,MER_003,ORD_000079,PAY_000079,SUCCESS,71611.00,INR,2026-01-07T22:24:00,SET_000079,71611.00,INR,2026-01-09T22:24:00,,0.00,,0.00,,0.00,,ADJ_000079,0.00,NORMAL,NORMAL
TXN_000080,MER_003,ORD_000080,PAY_000080,SUCCESS,56433.00,INR,2026-01-24T13:49:00,SET_000080,56433.00,INR,2026-01-29T13:49:00,,0.00,,0.00,,0.00,,ADJ_000080,0.00,SETTLEMENT_DELAY,SETTLEMENT_DELAY
TXN_000081,MER_001,ORD_000081,PAY_000081,SUCCESS,46998.00,INR,2026-02-08T14:50:00,SET_000081,45888.85,INR,2026-02-11T14:50:00,FEE_000081,939.96,PROCESSING_FEE,169.19,,0.00,,ADJ_000081,0.00,RECONCILED_TAX,RECONCILED_TAX
TXN_000082,MER_002,ORD_000082,PAY_000082,SUCCESS,46457.00,INR,2026-05-23T09:22:00,SET_000082,45527.86,INR,2026-05-26T09:22:00,FEE_000082,929.14,PROCESSING_FEE,0.00,,0.00,,ADJ_000082,0.00,PROCESSING_FEE,PROCESSING_FEE
TXN_000083,MER_007,ORD_000083,PAY_000083,SUCCESS,81451.00,INR,2026-05-17T19:31:00,SET_000083,81451.00,INR,2026-05-18T19:31:00,,0.00,,0.00,,0.00,,ADJ_000083,0.00,DUPLICATE_SETTLEMENT,DUPLICATE_SETTLEMENT
TXN_000084,MER_004,ORD_000084,PAY_000084,SUCCESS,21399.00,INR,2026-06-28T02:06:00,SET_000084,0.00,INR,2026-06-29T02:06:00,,0.00,,0.00,REF_000084,29958.60,PROCESSED,ADJ_000084,0.00,INVALID_REFUND,INVALID_REFUND
TXN_000085,MER_001,ORD_000085,PAY_000085,SUCCESS,23609.00,INR,2026-05-15T11:05:00,SET_000085,23609.00,INR,2026-05-17T11:05:00,,0.00,,0.00,,0.00,,ADJ_000085,0.00,DUPLICATE_SETTLEMENT,DUPLICATE_SETTLEMENT
TXN_000086,MER_007,ORD_000086,PAY_000086,SUCCESS,87906.00,INR,2026-06-07T16:09:00,SET_000086,83510.70,INR,2026-06-10T16:09:00,,0.00,,0.00,,0.00,,ADJ_000086,0.00,UNEXPLAINED_DISCREPANCY,UNEXPLAINED_DISCREPANCY
TXN_000087,MER_005,ORD_000087,PAY_000087,SUCCESS,20966.00,INR,2026-05-24T17:05:00,SET_000087,19917.70,INR,2026-05-27T17:05:00,,0.00,,0.00,,0.00,,ADJ_000087,0.00,UNEXPLAINED_DISCREPANCY,UNEXPLAINED_DISCREPANCY
TXN_000088,MER_001,ORD_000088,PAY_000088,SUCCESS,61794.00,INR,2026-02-10T20:49:00,SET_000088,61794.00,INR,2026-02-11T20:49:00,,0.00,,0.00,,0.00,,ADJ_000088,0.00,NORMAL,NORMAL
TXN_000089,MER_008,ORD_000089,PAY_000089,SUCCESS,45930.00,INR,2026-02-25T22:23:00,SET_000089,43633.50,INR,2026-02-26T22:23:00,,0.00,,0.00,,0.00,,ADJ_000089,0.00,UNEXPLAINED_DISCREPANCY,UNEXPLAINED_DISCREPANCY
TXN_000090,MER_004,ORD_000090,PAY_000090,SUCCESS,52327.00,INR,2026-03-02T03:11:00,SET_000090,51280.46,INR,2026-03-04T03:11:00,FEE_000090,1046.54,PROCESSING_FEE,0.00,,0.00,,ADJ_000090,0.00,PROCESSING_FEE,PROCESSING_FEE
TXN_000091,MER_005,ORD_000091,PAY_000091,SUCCESS,46125.00,INR,2026-04-28T03:40:00,SET_000091,46125.00,INR,2026-05-01T03:40:00,,0.00,,0.00,REF_000091,9225.00,PROCESSED,ADJ_000091,0.00,UNSUPPORTED_REFUND,UNSUPPORTED_REFUND
TXN_000092,MER_006,ORD_000092,PAY_000092,SUCCESS,3717.00,INR,2026-01-22T08:56:00,SET_000092,2787.75,INR,2026-01-24T08:56:00,,0.00,,0.00,REF_000092,929.25,PROCESSED,ADJ_000092,0.00,RECONCILED_REFUND,RECONCILED_REFUND
TXN_000093,MER_005,ORD_000093,PAY_000093,SUCCESS,5114.00,INR,2026-01-21T02:37:00,SET_000093,5114.00,INR,2026-01-24T02:37:00,,0.00,,0.00,,0.00,,ADJ_000093,0.00,NORMAL,NORMAL
TXN_000094,MER_006,ORD_000094,PAY_000094,SUCCESS,57299.00,INR,2026-04-21T17:34:00,SET_000094,42974.25,INR,2026-04-24T17:34:00,,0.00,,0.00,REF_000094,14324.75,PROCESSED,ADJ_000094,0.00,RECONCILED_REFUND,RECONCILED_REFUND
TXN_000095,MER_004,ORD_000095,PAY_000095,SUCCESS,33486.00,INR,2026-01-09T10:55:00,SET_000095,33486.00,INR,2026-01-12T10:55:00,,0.00,,0.00,,0.00,,ADJ_000095,0.00,NORMAL,NORMAL
TXN_000096,MER_004,ORD_000096,PAY_000096,SUCCESS,47839.00,INR,2026-03-20T21:22:00,SET_000096,35879.25,INR,2026-03-21T21:22:00,,0.00,,0.00,REF_000096,11959.75,PROCESSED,ADJ_000096,0.00,RECONCILED_REFUND,RECONCILED_REFUND
TXN_000097,MER_006,ORD_000097,PAY_000097,SUCCESS,81778.00,INR,2026-02-27T12:31:00,SET_000097,0.00,INR,2026-03-02T12:31:00,,0.00,,0.00,REF_000097,114489.20,PROCESSED,ADJ_000097,0.00,INVALID_REFUND,INVALID_REFUND
TXN_000098,MER_005,ORD_000098,PAY_000098,SUCCESS,66569.00,INR,2026-02-26T16:17:00,SET_000098,66569.00,INR,2026-03-01T16:17:00,,0.00,,0.00,REF_000098,13313.80,PROCESSED,ADJ_000098,0.00,UNSUPPORTED_REFUND,UNSUPPORTED_REFUND
TXN_000099,MER_007,ORD_000099,PAY_000099,SUCCESS,91484.00,INR,2026-02-24T04:44:00,SET_000099,68613.00,INR,2026-02-27T04:44:00,,0.00,,0.00,REF_000099,22871.00,PROCESSED,ADJ_000099,0.00,RECONCILED_REFUND,RECONCILED_REFUND
TXN_000100,MER_007,ORD_000100,PAY_000100,SUCCESS,87253.00,INR,2026-06-21T13:30:00,SET_000100,87253.00,INR,2026-06-23T13:30:00,,0.00,,0.00,,0.00,,ADJ_000100,0.00,NORMAL,NORMAL
TXN_000101,MER_003,ORD_000101,PAY_000101,SUCCESS,80776.00,INR,2026-04-14T23:27:00,SET_000101,60582.00,INR,2026-04-16T23:27:00,,0.00,,0.00,REF_000101,20194.00,PROCESSED,ADJ_000101,0.00,RECONCILED_PARTIAL,RECONCILED_PARTIAL
TXN_000102,MER_001,ORD_000102,PAY_000102,SUCCESS,39929.00,INR,2026-02-22T14:32:00,SET_000102,29946.75,INR,2026-02-23T14:32:00,,0.00,,0.00,REF_000102,9982.25,PROCESSED,ADJ_000102,0.00,RECONCILED_REFUND,RECONCILED_REFUND
TXN_000103,MER_006,ORD_000103,PAY_000103,SUCCESS,61046.00,INR,2026-03-22T19:11:00,SET_000103,45784.50,INR,2026-03-24T19:11:00,,0.00,,0.00,REF_000103,15261.50,PROCESSED,ADJ_000103,0.00,RECONCILED_REFUND,RECONCILED_REFUND
TXN_000104,MER_008,ORD_000104,PAY_000104,SUCCESS,96563.00,INR,2026-02-01T06:23:00,SET_000104,72422.25,INR,2026-02-04T06:23:00,,0.00,,0.00,REF_000104,24140.75,PROCESSED,ADJ_000104,0.00,RECONCILED_PARTIAL,RECONCILED_PARTIAL
TXN_000105,MER_006,ORD_000105,PAY_000105,SUCCESS,12340.00,INR,2026-05-30T08:44:00,SET_000105,12340.00,INR,2026-05-31T08:44:00,,0.00,,0.00,,0.00,,ADJ_000105,0.00,NORMAL,NORMAL
TXN_000106,MER_004,ORD_000106,PAY_000106,SUCCESS,26200.00,INR,2026-01-28T04:47:00,SET_000106,19650.00,INR,2026-01-29T04:47:00,,0.00,,0.00,REF_000106,6550.00,PROCESSED,ADJ_000106,0.00,RECONCILED_PARTIAL,RECONCILED_PARTIAL
TXN_000107,MER_008,ORD_000107,PAY_000107,SUCCESS,80220.00,INR,2026-06-05T01:33:00,SET_000107,80220.00,INR,2026-06-06T01:33:00,,0.00,,0.00,,0.00,,ADJ_000107,0.00,NORMAL,NORMAL
TXN_000108,MER_004,ORD_000108,PAY_000108,FAILED,94255.00,INR,2026-05-08T03:25:00,SET_000108,0.00,INR,2026-05-10T03:25:00,,0.00,,0.00,,0.00,,ADJ_000108,0.00,PAYMENT_FAILED,PAYMENT_FAILED
TXN_000109,MER_004,ORD_000109,PAY_000109,FAILED,19442.00,INR,2026-04-30T19:21:00,SET_000109,0.00,INR,2026-05-03T19:21:00,,0.00,,0.00,,0.00,,ADJ_000109,0.00,PAYMENT_FAILED,PAYMENT_FAILED
TXN_000110,MER_002,ORD_000110,PAY_000110,SUCCESS,55824.00,INR,2026-02-10T05:07:00,SET_000110,55824.00,INR,2026-02-11T05:07:00,,0.00,,0.00,,0.00,,ADJ_000110,0.00,NORMAL,NORMAL
TXN_000111,MER_008,ORD_000111,PAY_000111,SUCCESS,6682.00,INR,2026-04-12T20:20:00,SET_000111,6347.90,INR,2026-04-13T20:20:00,,0.00,,0.00,,0.00,,ADJ_000111,0.00,UNEXPLAINED_DISCREPANCY,UNEXPLAINED_DISCREPANCY
TXN_000112,MER_002,ORD_000112,PAY_000112,SUCCESS,59929.00,INR,2026-01-25T15:34:00,SET_000112,59929.00,INR,2026-01-27T15:34:00,,0.00,,0.00,,0.00,,ADJ_000112,0.00,DUPLICATE_SETTLEMENT,DUPLICATE_SETTLEMENT
TXN_000113,MER_006,ORD_000113,PAY_000113,SUCCESS,99092.00,INR,2026-06-12T15:41:00,SET_000113,74319.00,INR,2026-06-14T15:41:00,,0.00,,0.00,REF_000113,24773.00,PROCESSED,ADJ_000113,0.00,RECONCILED_PARTIAL,RECONCILED_PARTIAL
TXN_000114,MER_007,ORD_000114,PAY_000114,SUCCESS,71910.00,INR,2026-03-23T13:13:00,SET_000114,71910.00,INR,2026-03-28T13:13:00,,0.00,,0.00,,0.00,,ADJ_000114,0.00,SETTLEMENT_DELAY,SETTLEMENT_DELAY
TXN_000115,MER_008,ORD_000115,PAY_000115,SUCCESS,59091.00,INR,2026-02-17T13:25:00,,0.00,INR,,,0.00,,0.00,,0.00,,ADJ_000115,0.00,MISSING_SETTLEMENT,MISSING_SETTLEMENT
TXN_000116,MER_005,ORD_000116,PAY_000116,SUCCESS,68427.00,INR,2026-03-30T14:14:00,SET_000116,68427.00,INR,2026-04-02T14:14:00,,0.00,,0.00,REF_000116,13685.40,PROCESSED,ADJ_000116,0.00,UNSUPPORTED_REFUND,UNSUPPORTED_REFUND
TXN_000117,MER_008,ORD_000117,PAY_000117,SUCCESS,10255.00,INR,2026-05-11T06:31:00,SET_000117,10049.90,INR,2026-05-13T06:31:00,FEE_000117,205.10,PROCESSING_FEE,0.00,,0.00,,ADJ_000117,0.00,PROCESSING_FEE,PROCESSING_FEE
TXN_000118,MER_006,ORD_000118,PAY_000118,SUCCESS,42004.00,INR,2026-06-12T22:41:00,SET_000118,41163.92,INR,2026-06-15T22:41:00,FEE_000118,840.08,PROCESSING_FEE,0.00,,0.00,,ADJ_000118,0.00,PROCESSING_FEE,PROCESSING_FEE
TXN_000119,MER_003,ORD_000119,PAY_000119,SUCCESS,30411.00,INR,2026-03-12T02:30:00,SET_000119,30411.00,INR,2026-03-15T02:30:00,,0.00,,0.00,,0.00,,ADJ_000119,0.00,NORMAL,NORMAL
TXN_000120,MER_004,ORD_000120,PAY_000120,SUCCESS,8518.00,INR,2026-03-17T21:35:00,SET_000120,8518.00,INR,2026-03-19T21:35:00,,0.00,,0.00,,0.00,,ADJ_000120,0.00,NORMAL,NORMAL
TXN_000121,MER_008,ORD_000121,PAY_000121,SUCCESS,54596.00,INR,2026-01-12T17:02:00,SET_000121,53307.53,INR,2026-01-13T17:02:00,FEE_000121,1091.92,PROCESSING_FEE,196.55,,0.00,,ADJ_000121,0.00,RECONCILED_TAX,RECONCILED_TAX
TXN_000122,MER_007,ORD_000122,PAY_000122,SUCCESS,76656.00,INR,2026-06-22T14:24:00,SET_000122,76656.00,INR,2026-06-25T14:24:00,,0.00,,0.00,REF_000122,15331.20,PROCESSED,ADJ_000122,0.00,UNSUPPORTED_REFUND,UNSUPPORTED_REFUND
TXN_000123,MER_007,ORD_000123,PAY_000123,SUCCESS,62618.00,INR,2026-01-02T10:45:00,SET_000123,62618.00,INR,2026-01-04T10:45:00,,0.00,,0.00,,0.00,,ADJ_000123,0.00,NORMAL,NORMAL
TXN_000124,MER_007,ORD_000124,PAY_000124,SUCCESS,55021.00,INR,2026-04-09T08:31:00,SET_000124,53920.58,INR,2026-04-12T08:31:00,FEE_000124,1100.42,PROCESSING_FEE,0.00,,0.00,,ADJ_000124,0.00,PROCESSING_FEE,PROCESSING_FEE
TXN_000125,MER_004,ORD_000125,PAY_000125,SUCCESS,64093.00,INR,2026-02-10T07:40:00,,0.00,INR,,,0.00,,0.00,,0.00,,ADJ_000125,0.00,MISSING_SETTLEMENT,MISSING_SETTLEMENT
TXN_000126,MER_001,ORD_000126,PAY_000126,SUCCESS,51068.00,INR,2026-03-03T13:34:00,SET_000126,38301.00,INR,2026-03-06T13:34:00,,0.00,,0.00,REF_000126,12767.00,PROCESSED,ADJ_000126,0.00,RECONCILED_REFUND,RECONCILED_REFUND
TXN_000127,MER_007,ORD_000127,PAY_000127,SUCCESS,95019.00,INR,2026-01-31T10:05:00,SET_000127,71264.25,INR,2026-02-02T10:05:00,,0.00,,0.00,REF_000127,23754.75,PROCESSED,ADJ_000127,0.00,RECONCILED_PARTIAL,RECONCILED_PARTIAL
TXN_000128,MER_001,ORD_000128,PAY_000128,SUCCESS,51745.00,INR,2026-04-19T03:01:00,SET_000128,51745.00,INR,2026-04-22T03:01:00,,0.00,,0.00,,0.00,,ADJ_000128,0.00,DUPLICATE_SETTLEMENT,DUPLICATE_SETTLEMENT
TXN_000129,MER_002,ORD_000129,PAY_000129,SUCCESS,84346.00,INR,2026-03-20T09:38:00,SET_000129,63259.50,INR,2026-03-21T09:38:00,,0.00,,0.00,REF_000129,21086.50,PROCESSED,ADJ_000129,0.00,RECONCILED_PARTIAL,RECONCILED_PARTIAL
TXN_000130,MER_003,ORD_000130,PAY_000130,SUCCESS,6690.00,INR,2026-02-17T17:38:00,SET_000130,6690.00,INR,2026-02-19T17:38:00,,0.00,,0.00,REF_000130,1338.00,PROCESSED,ADJ_000130,0.00,UNSUPPORTED_REFUND,UNSUPPORTED_REFUND
TXN_000131,MER_008,ORD_000131,PAY_000131,SUCCESS,42940.00,INR,2026-03-03T19:33:00,SET_000131,41926.62,INR,2026-03-05T19:33:00,FEE_000131,858.80,PROCESSING_FEE,154.58,,0.00,,ADJ_000131,0.00,RECONCILED_TAX,RECONCILED_TAX
TXN_000132,MER_007,ORD_000132,PAY_000132,SUCCESS,33165.00,INR,2026-06-02T08:46:00,SET_000132,32501.70,INR,2026-06-03T08:46:00,FEE_000132,663.30,PROCESSING_FEE,0.00,,0.00,,ADJ_000132,0.00,PROCESSING_FEE,PROCESSING_FEE
TXN_000133,MER_001,ORD_000133,PAY_000133,FAILED,45970.00,INR,2026-02-11T04:38:00,SET_000133,0.00,INR,2026-02-14T04:38:00,,0.00,,0.00,,0.00,,ADJ_000133,0.00,PAYMENT_FAILED,PAYMENT_FAILED
TXN_000134,MER_001,ORD_000134,PAY_000134,SUCCESS,98958.00,INR,2026-01-07T00:34:00,SET_000134,98958.00,INR,2026-01-08T00:34:00,,0.00,,0.00,,0.00,,ADJ_000134,0.00,NORMAL,NORMAL
TXN_000135,MER_001,ORD_000135,PAY_000135,SUCCESS,81539.00,INR,2026-01-29T02:46:00,SET_000135,81539.00,INR,2026-01-30T02:46:00,,0.00,,0.00,,0.00,,ADJ_000135,0.00,NORMAL,NORMAL
TXN_000136,MER_002,ORD_000136,PAY_000136,SUCCESS,74020.00,INR,2026-06-22T21:48:00,SET_000136,74020.00,INR,2026-06-23T21:48:00,,0.00,,0.00,,0.00,,ADJ_000136,0.00,NORMAL,NORMAL
TXN_000137,MER_005,ORD_000137,PAY_000137,FAILED,48451.00,INR,2026-01-31T22:04:00,SET_000137,0.00,INR,2026-02-03T22:04:00,,0.00,,0.00,,0.00,,ADJ_000137,0.00,PAYMENT_FAILED,PAYMENT_FAILED
TXN_000138,MER_002,ORD_000138,PAY_000138,SUCCESS,21565.00,INR,2026-06-25T23:55:00,SET_000138,21565.00,INR,2026-06-30T23:55:00,,0.00,,0.00,,0.00,,ADJ_000138,0.00,SETTLEMENT_DELAY,SETTLEMENT_DELAY
TXN_000139,MER_001,ORD_000139,PAY_000139,SUCCESS,40988.00,INR,2026-04-16T04:41:00,SET_000139,40988.00,INR,2026-04-19T04:41:00,,0.00,,0.00,,0.00,,ADJ_000139,0.00,NORMAL,NORMAL
TXN_000140,MER_007,ORD_000140,PAY_000140,SUCCESS,52090.00,INR,2026-06-21T18:20:00,SET_000140,52090.00,INR,2026-06-24T18:20:00,,0.00,,0.00,,0.00,,ADJ_000140,0.00,DUPLICATE_SETTLEMENT,DUPLICATE_SETTLEMENT
TXN_000141,MER_004,ORD_000141,PAY_000141,SUCCESS,13456.00,INR,2026-05-08T07:04:00,SET_000141,13456.00,INR,2026-05-10T07:04:00,,0.00,,0.00,,0.00,,ADJ_000141,0.00,NORMAL,NORMAL
TXN_000142,MER_002,ORD_000142,PAY_000142,SUCCESS,74277.00,INR,2026-05-23T20:23:00,SET_000142,74277.00,INR,2026-05-24T20:23:00,,0.00,,0.00,REF_000142,14855.40,PROCESSED,ADJ_000142,0.00,UNSUPPORTED_REFUND,UNSUPPORTED_REFUND
TXN_000143,MER_007,ORD_000143,PAY_000143,SUCCESS,86806.00,INR,2026-03-09T20:02:00,SET_000143,84757.38,INR,2026-03-10T20:02:00,FEE_000143,1736.12,PROCESSING_FEE,312.50,,0.00,,ADJ_000143,0.00,RECONCILED_TAX,RECONCILED_TAX
TXN_000144,MER_006,ORD_000144,PAY_000144,SUCCESS,1758.00,INR,2026-06-05T00:51:00,SET_000144,1758.00,INR,2026-06-07T00:51:00,,0.00,,0.00,,0.00,,ADJ_000144,0.00,DUPLICATE_PAYMENT_ATTEMPT,DUPLICATE_PAYMENT_ATTEMPT
TXN_000145,MER_002,ORD_000145,PAY_000145,SUCCESS,56922.00,INR,2026-06-25T06:44:00,SET_000145,56922.00,INR,2026-06-27T06:44:00,,0.00,,0.00,REF_000145,11384.40,PROCESSED,ADJ_000145,0.00,UNSUPPORTED_REFUND,UNSUPPORTED_REFUND
TXN_000146,MER_008,ORD_000146,PAY_000146,SUCCESS,92808.00,INR,2026-01-29T05:25:00,SET_000146,69606.00,INR,2026-01-31T05:25:00,,0.00,,0.00,REF_000146,23202.00,PROCESSED,ADJ_000146,0.00,RECONCILED_PARTIAL,RECONCILED_PARTIAL
TXN_000147,MER_005,ORD_000147,PAY_000147,SUCCESS,80828.00,INR,2026-05-28T12:04:00,SET_000147,80828.00,INR,2026-05-31T12:04:00,,0.00,,0.00,,0.00,,ADJ_000147,0.00,NORMAL,NORMAL
TXN_000148,MER_008,ORD_000148,PAY_000148,SUCCESS,57191.00,INR,2026-05-31T16:41:00,SET_000148,54331.45,INR,2026-06-03T16:41:00,,0.00,,0.00,,0.00,,ADJ_000148,0.00,UNEXPLAINED_DISCREPANCY,UNEXPLAINED_DISCREPANCY
TXN_000149,MER_006,ORD_000149,PAY_000149,SUCCESS,32277.00,INR,2026-06-01T14:31:00,SET_000149,32277.00,INR,2026-06-06T14:31:00,,0.00,,0.00,,0.00,,ADJ_000149,0.00,SETTLEMENT_DELAY,SETTLEMENT_DELAY
TXN_000150,MER_008,ORD_000150,PAY_000150,SUCCESS,32063.00,INR,2026-05-17T23:52:00,SET_000150,31421.74,INR,2026-05-19T23:52:00,FEE_000150,641.26,PROCESSING_FEE,0.00,,0.00,,ADJ_000150,0.00,PROCESSING_FEE,PROCESSING_FEE
TXN_000151,MER_007,ORD_000151,PAY_000151,SUCCESS,44192.00,INR,2026-01-06T14:23:00,SET_000151,44192.00,INR,2026-01-11T14:23:00,,0.00,,0.00,,0.00,,ADJ_000151,0.00,SETTLEMENT_DELAY,SETTLEMENT_DELAY
TXN_000152,MER_003,ORD_000152,PAY_000152,SUCCESS,64004.00,INR,2026-02-08T23:45:00,SET_000152,64004.00,INR,2026-02-10T23:45:00,,0.00,,0.00,REF_000152,12800.80,PROCESSED,ADJ_000152,0.00,UNSUPPORTED_REFUND,UNSUPPORTED_REFUND
TXN_000153,MER_006,ORD_000153,PAY_000153,SUCCESS,36755.00,INR,2026-06-10T15:10:00,SET_000153,34917.25,INR,2026-06-13T15:10:00,,0.00,,0.00,,0.00,,ADJ_000153,0.00,UNEXPLAINED_DISCREPANCY,UNEXPLAINED_DISCREPANCY
TXN_000154,MER_005,ORD_000154,PAY_000154,SUCCESS,72948.00,INR,2026-01-03T05:21:00,,0.00,INR,,,0.00,,0.00,,0.00,,ADJ_000154,0.00,MISSING_SETTLEMENT,MISSING_SETTLEMENT
TXN_000155,MER_002,ORD_000155,PAY_000155,SUCCESS,31735.00,INR,2026-05-12T11:03:00,SET_000155,0.00,INR,2026-05-14T11:03:00,,0.00,,0.00,REF_000155,44429.00,PROCESSED,ADJ_000155,0.00,INVALID_REFUND,INVALID_REFUND
TXN_000156,MER_004,ORD_000156,PAY_000156,FAILED,90619.00,INR,2026-03-29T01:04:00,SET_000156,0.00,INR,2026-04-01T01:04:00,,0.00,,0.00,,0.00,,ADJ_000156,0.00,PAYMENT_FAILED,PAYMENT_FAILED
TXN_000157,MER_008,ORD_000157,PAY_000157,SUCCESS,2360.00,INR,2026-01-18T07:33:00,,0.00,INR,,,0.00,,0.00,,0.00,,ADJ_000157,0.00,MISSING_SETTLEMENT,MISSING_SETTLEMENT
TXN_000158,MER_004,ORD_000158,PAY_000158,SUCCESS,40235.00,INR,2026-05-02T05:53:00,SET_000158,39430.30,INR,2026-05-05T05:53:00,FEE_000158,804.70,PROCESSING_FEE,0.00,,0.00,,ADJ_000158,0.00,PROCESSING_FEE,PROCESSING_FEE
TXN_000159,MER_006,ORD_000159,PAY_000159,SUCCESS,55871.00,INR,2026-05-17T04:02:00,SET_000159,54552.44,INR,2026-05-20T04:02:00,FEE_000159,1117.42,PROCESSING_FEE,201.14,,0.00,,ADJ_000159,0.00,RECONCILED_TAX,RECONCILED_TAX
TXN_000160,MER_008,ORD_000160,PAY_000160,SUCCESS,35609.00,INR,2026-02-26T04:39:00,SET_000160,34768.63,INR,2026-02-28T04:39:00,FEE_000160,712.18,PROCESSING_FEE,128.19,,0.00,,ADJ_000160,0.00,RECONCILED_TAX,RECONCILED_TAX
TXN_000161,MER_004,ORD_000161,PAY_000161,SUCCESS,41459.00,INR,2026-01-23T03:20:00,SET_000161,40629.82,INR,2026-01-26T03:20:00,FEE_000161,829.18,PROCESSING_FEE,0.00,,0.00,,ADJ_000161,0.00,PROCESSING_FEE,PROCESSING_FEE
TXN_000162,MER_003,ORD_000162,PAY_000162,SUCCESS,25205.00,INR,2026-02-09T18:23:00,SET_000162,25205.00,INR,2026-02-12T18:23:00,,0.00,,0.00,,0.00,,ADJ_000162,0.00,DUPLICATE_PAYMENT_ATTEMPT,DUPLICATE_PAYMENT_ATTEMPT
TXN_000163,MER_005,ORD_000163,PAY_000163,FAILED,13276.00,INR,2026-06-01T22:48:00,SET_000163,0.00,INR,2026-06-02T22:48:00,,0.00,,0.00,,0.00,,ADJ_000163,0.00,PAYMENT_FAILED,PAYMENT_FAILED
TXN_000164,MER_006,ORD_000164,PAY_000164,SUCCESS,23619.00,INR,2026-02-25T09:37:00,SET_000164,23146.62,INR,2026-02-26T09:37:00,FEE_000164,472.38,PROCESSING_FEE,0.00,,0.00,,ADJ_000164,0.00,PROCESSING_FEE,PROCESSING_FEE
TXN_000165,MER_003,ORD_000165,PAY_000165,SUCCESS,36054.00,INR,2026-01-09T15:51:00,,0.00,INR,,,0.00,,0.00,,0.00,,ADJ_000165,0.00,MISSING_SETTLEMENT,MISSING_SETTLEMENT
TXN_000166,MER_003,ORD_000166,PAY_000166,SUCCESS,83706.00,INR,2026-06-08T11:21:00,SET_000166,83706.00,INR,2026-06-10T11:21:00,,0.00,,0.00,,0.00,,ADJ_000166,0.00,DUPLICATE_PAYMENT_ATTEMPT,DUPLICATE_PAYMENT_ATTEMPT
TXN_000167,MER_001,ORD_000167,PAY_000167,SUCCESS,75343.00,INR,2026-02-22T03:17:00,SET_000167,75343.00,INR,2026-02-24T03:17:00,,0.00,,0.00,,0.00,,ADJ_000167,0.00,NORMAL,NORMAL
TXN_000168,MER_006,ORD_000168,PAY_000168,FAILED,24264.00,INR,2026-06-26T03:19:00,SET_000168,0.00,INR,2026-06-27T03:19:00,,0.00,,0.00,,0.00,,ADJ_000168,0.00,PAYMENT_FAILED,PAYMENT_FAILED
TXN_000169,MER_008,ORD_000169,PAY_000169,SUCCESS,15053.00,INR,2026-05-31T00:52:00,SET_000169,14751.94,INR,2026-06-01T00:52:00,FEE_000169,301.06,PROCESSING_FEE,0.00,,0.00,,ADJ_000169,0.00,PROCESSING_FEE,PROCESSING_FEE
TXN_000170,MER_002,ORD_000170,PAY_000170,SUCCESS,75731.00,INR,2026-04-25T23:05:00,SET_000170,56798.25,INR,2026-04-28T23:05:00,,0.00,,0.00,REF_000170,18932.75,PROCESSED,ADJ_000170,0.00,RECONCILED_REFUND,RECONCILED_REFUND
TXN_000171,MER_003,ORD_000171,PAY_000171,SUCCESS,73872.00,INR,2026-06-23T03:47:00,SET_000171,73872.00,INR,2026-06-25T03:47:00,,0.00,,0.00,,0.00,,ADJ_000171,0.00,NORMAL,NORMAL
TXN_000172,MER_004,ORD_000172,PAY_000172,SUCCESS,15625.00,INR,2026-04-12T23:15:00,SET_000172,15625.00,INR,2026-04-14T23:15:00,,0.00,,0.00,,0.00,,ADJ_000172,0.00,NORMAL,NORMAL
TXN_000173,MER_004,ORD_000173,PAY_000173,SUCCESS,68594.00,INR,2026-03-11T14:53:00,SET_000173,68594.00,INR,2026-03-16T14:53:00,,0.00,,0.00,,0.00,,ADJ_000173,0.00,SETTLEMENT_DELAY,SETTLEMENT_DELAY
TXN_000174,MER_005,ORD_000174,PAY_000174,SUCCESS,77239.00,INR,2026-03-20T10:35:00,SET_000174,77239.00,INR,2026-03-22T10:35:00,,0.00,,0.00,,0.00,,ADJ_000174,0.00,DUPLICATE_SETTLEMENT,DUPLICATE_SETTLEMENT
TXN_000175,MER_001,ORD_000175,PAY_000175,SUCCESS,80005.00,INR,2026-06-25T03:46:00,SET_000175,80005.00,INR,2026-06-30T03:46:00,,0.00,,0.00,,0.00,,ADJ_000175,0.00,SETTLEMENT_DELAY,SETTLEMENT_DELAY
TXN_000176,MER_004,ORD_000176,PAY_000176,SUCCESS,82087.00,INR,2026-02-08T18:58:00,SET_000176,82087.00,INR,2026-02-10T18:58:00,,0.00,,0.00,,0.00,,ADJ_000176,0.00,NORMAL,NORMAL
TXN_000177,MER_003,ORD_000177,PAY_000177,SUCCESS,31539.00,INR,2026-02-02T00:24:00,SET_000177,23654.25,INR,2026-02-05T00:24:00,,0.00,,0.00,REF_000177,7884.75,PROCESSED,ADJ_000177,0.00,RECONCILED_PARTIAL,RECONCILED_PARTIAL
TXN_000178,MER_001,ORD_000178,PAY_000178,SUCCESS,53645.00,INR,2026-03-24T09:16:00,SET_000178,53645.00,INR,2026-03-27T09:16:00,,0.00,,0.00,,0.00,,ADJ_000178,0.00,NORMAL,NORMAL
TXN_000179,MER_005,ORD_000179,PAY_000179,SUCCESS,4378.00,INR,2026-02-12T12:20:00,SET_000179,4378.00,INR,2026-02-17T12:20:00,,0.00,,0.00,,0.00,,ADJ_000179,0.00,SETTLEMENT_DELAY,SETTLEMENT_DELAY
TXN_000180,MER_008,ORD_000180,PAY_000180,SUCCESS,9429.00,INR,2026-05-06T12:13:00,,0.00,INR,,,0.00,,0.00,,0.00,,ADJ_000180,0.00,MISSING_SETTLEMENT,MISSING_SETTLEMENT
TXN_000181,MER_004,ORD_000181,PAY_000181,SUCCESS,55823.00,INR,2026-01-22T06:27:00,SET_000181,0.00,INR,2026-01-25T06:27:00,,0.00,,0.00,REF_000181,78152.20,PROCESSED,ADJ_000181,0.00,INVALID_REFUND,INVALID_REFUND
TXN_000182,MER_003,ORD_000182,PAY_000182,SUCCESS,34916.00,INR,2026-05-31T20:36:00,SET_000182,34217.68,INR,2026-06-01T20:36:00,FEE_000182,698.32,PROCESSING_FEE,0.00,,0.00,,ADJ_000182,0.00,PROCESSING_FEE,PROCESSING_FEE
TXN_000183,MER_003,ORD_000183,PAY_000183,SUCCESS,40419.00,INR,2026-04-19T16:47:00,SET_000183,40419.00,INR,2026-04-22T16:47:00,,0.00,,0.00,,0.00,,ADJ_000183,0.00,NORMAL,NORMAL
TXN_000184,MER_005,ORD_000184,PAY_000184,SUCCESS,57660.00,INR,2026-01-24T00:18:00,SET_000184,57660.00,INR,2026-01-26T00:18:00,,0.00,,0.00,REF_000184,11532.00,PROCESSED,ADJ_000184,0.00,UNSUPPORTED_REFUND,UNSUPPORTED_REFUND
TXN_000185,MER_007,ORD_000185,PAY_000185,SUCCESS,35783.00,INR,2026-04-02T11:35:00,,0.00,INR,,,0.00,,0.00,,0.00,,ADJ_000185,0.00,MISSING_SETTLEMENT,MISSING_SETTLEMENT
TXN_000186,MER_002,ORD_000186,PAY_000186,FAILED,78485.00,INR,2026-01-08T15:09:00,SET_000186,0.00,INR,2026-01-10T15:09:00,,0.00,,0.00,,0.00,,ADJ_000186,0.00,PAYMENT_FAILED,PAYMENT_FAILED
TXN_000187,MER_005,ORD_000187,PAY_000187,SUCCESS,3490.00,INR,2026-01-18T00:00:00,,0.00,INR,,,0.00,,0.00,,0.00,,ADJ_000187,0.00,MISSING_SETTLEMENT,MISSING_SETTLEMENT
TXN_000188,MER_001,,PAY_000188,SUCCESS,88217.00,INR,2026-05-30T21:50:00,SET_000188,88217.00,INR,2026-06-01T21:50:00,,0.00,,0.00,,0.00,,ADJ_000188,0.00,ORPHAN_PAYMENT,ORPHAN_PAYMENT
TXN_000189,MER_003,ORD_000189,PAY_000189,SUCCESS,61769.00,INR,2026-04-05T20:23:00,SET_000189,61769.00,INR,2026-04-10T20:23:00,,0.00,,0.00,,0.00,,ADJ_000189,0.00,SETTLEMENT_DELAY,SETTLEMENT_DELAY
TXN_000190,MER_005,ORD_000190,PAY_000190,FAILED,23888.00,INR,2026-04-17T22:20:00,SET_000190,0.00,INR,2026-04-19T22:20:00,,0.00,,0.00,,0.00,,ADJ_000190,0.00,PAYMENT_FAILED,PAYMENT_FAILED
TXN_000191,MER_008,ORD_000191,PAY_000191,SUCCESS,12059.00,INR,2026-03-27T22:30:00,SET_000191,9044.25,INR,2026-03-29T22:30:00,,0.00,,0.00,REF_000191,3014.75,PROCESSED,ADJ_000191,0.00,RECONCILED_PARTIAL,RECONCILED_PARTIAL
TXN_000192,MER_006,ORD_000192,PAY_000192,SUCCESS,87935.00,INR,2026-01-20T10:00:00,SET_000192,65951.25,INR,2026-01-21T10:00:00,,0.00,,0.00,REF_000192,21983.75,PROCESSED,ADJ_000192,0.00,RECONCILED_REFUND,RECONCILED_REFUND
TXN_000193,MER_008,ORD_000193,PAY_000193,SUCCESS,37877.00,INR,2026-05-01T23:52:00,SET_000193,36983.10,INR,2026-05-03T23:52:00,FEE_000193,757.54,PROCESSING_FEE,136.36,,0.00,,ADJ_000193,0.00,RECONCILED_TAX,RECONCILED_TAX
TXN_000194,MER_001,ORD_000194,PAY_000194,SUCCESS,59714.00,INR,2026-01-17T09:44:00,SET_000194,56728.30,INR,2026-01-19T09:44:00,,0.00,,0.00,,0.00,,ADJ_000194,0.00,UNEXPLAINED_DISCREPANCY,UNEXPLAINED_DISCREPANCY
TXN_000195,MER_002,ORD_000195,PAY_000195,SUCCESS,53076.00,INR,2026-06-07T19:51:00,SET_000195,52014.48,INR,2026-06-10T19:51:00,FEE_000195,1061.52,PROCESSING_FEE,0.00,,0.00,,ADJ_000195,0.00,PROCESSING_FEE,PROCESSING_FEE
TXN_000196,MER_001,ORD_000196,PAY_000196,SUCCESS,86300.00,INR,2026-06-08T15:19:00,SET_000196,86300.00,INR,2026-06-11T15:19:00,,0.00,,0.00,REF_000196,17260.00,PROCESSED,ADJ_000196,0.00,UNSUPPORTED_REFUND,UNSUPPORTED_REFUND
TXN_000197,MER_001,ORD_000197,PAY_000197,FAILED,24686.00,INR,2026-04-05T18:05:00,SET_000197,0.00,INR,2026-04-07T18:05:00,,0.00,,0.00,,0.00,,ADJ_000197,0.00,PAYMENT_FAILED,PAYMENT_FAILED
TXN_000198,MER_008,ORD_000198,PAY_000198,SUCCESS,82073.00,INR,2026-03-22T20:18:00,SET_000198,61554.75,INR,2026-03-23T20:18:00,,0.00,,0.00,REF_000198,20518.25,PROCESSED,ADJ_000198,0.00,RECONCILED_PARTIAL,RECONCILED_PARTIAL
TXN_000199,MER_003,ORD_000199,PAY_000199,SUCCESS,37852.00,INR,2026-03-22T03:09:00,SET_000199,37094.96,INR,2026-03-25T03:09:00,FEE_000199,757.04,PROCESSING_FEE,0.00,,0.00,,ADJ_000199,0.00,PROCESSING_FEE,PROCESSING_FEE
TXN_000200,MER_001,ORD_000200,PAY_000200,FAILED,82678.00,INR,2026-04-22T05:12:00,SET_000200,0.00,INR,2026-04-23T05:12:00,,0.00,,0.00,,0.00,,ADJ_000200,0.00,PAYMENT_FAILED,PAYMENT_FAILED
TXN_000201,MER_005,ORD_000201,PAY_000201,SUCCESS,72299.00,INR,2026-01-03T20:44:00,,0.00,INR,,,0.00,,0.00,,0.00,,ADJ_000201,0.00,MISSING_SETTLEMENT,MISSING_SETTLEMENT
TXN_000202,MER_004,ORD_000202,PAY_000202,SUCCESS,14971.00,INR,2026-03-26T09:05:00,SET_000202,11228.25,INR,2026-03-27T09:05:00,,0.00,,0.00,REF_000202,3742.75,PROCESSED,ADJ_000202,0.00,RECONCILED_REFUND,RECONCILED_REFUND
TXN_000203,MER_003,ORD_000203,PAY_000203,SUCCESS,65423.00,INR,2026-06-20T03:49:00,SET_000203,49067.25,INR,2026-06-23T03:49:00,,0.00,,0.00,REF_000203,16355.75,PROCESSED,ADJ_000203,0.00,RECONCILED_PARTIAL,RECONCILED_PARTIAL
TXN_000204,MER_005,ORD_000204,PAY_000204,SUCCESS,54559.00,INR,2026-06-02T07:57:00,SET_000204,53467.82,INR,2026-06-04T07:57:00,FEE_000204,1091.18,PROCESSING_FEE,0.00,,0.00,,ADJ_000204,0.00,PROCESSING_FEE,PROCESSING_FEE
TXN_000205,MER_004,ORD_000205,,MISSING,59971.00,INR,2026-04-11T17:30:00,,0.00,INR,,,0.00,,0.00,,0.00,,ADJ_000205,0.00,ORDER_WITHOUT_PAYMENT,ORDER_WITHOUT_PAYMENT
TXN_000206,MER_003,ORD_000206,PAY_000206,SUCCESS,9250.00,INR,2026-02-20T15:56:00,SET_000206,6937.50,INR,2026-02-22T15:56:00,,0.00,,0.00,REF_000206,2312.50,PROCESSED,ADJ_000206,0.00,RECONCILED_REFUND,RECONCILED_REFUND
TXN_000207,MER_005,ORD_000207,PAY_000207,SUCCESS,436.00,INR,2026-02-21T20:44:00,SET_000207,425.71,INR,2026-02-24T20:44:00,FEE_000207,8.72,PROCESSING_FEE,1.57,,0.00,,ADJ_000207,0.00,RECONCILED_TAX,RECONCILED_TAX
TXN_000208,MER_008,ORD_000208,PAY_000208,SUCCESS,19576.00,INR,2026-03-23T15:59:00,SET_000208,19184.48,INR,2026-03-26T15:59:00,FEE_000208,391.52,PROCESSING_FEE,0.00,,0.00,,ADJ_000208,0.00,PROCESSING_FEE,PROCESSING_FEE
TXN_000209,MER_006,ORD_000209,PAY_000209,FAILED,72440.00,INR,2026-05-20T06:02:00,SET_000209,0.00,INR,2026-05-23T06:02:00,,0.00,,0.00,,0.00,,ADJ_000209,0.00,PAYMENT_FAILED,PAYMENT_FAILED
TXN_000210,MER_006,ORD_000210,PAY_000210,SUCCESS,24827.00,INR,2026-06-28T22:04:00,SET_000210,18620.25,INR,2026-07-01T22:04:00,,0.00,,0.00,REF_000210,6206.75,PROCESSED,ADJ_000210,0.00,RECONCILED_REFUND,RECONCILED_REFUND
TXN_000211,MER_007,ORD_000211,PAY_000211,SUCCESS,30713.00,INR,2026-06-06T04:58:00,SET_000211,30098.74,INR,2026-06-08T04:58:00,FEE_000211,614.26,PROCESSING_FEE,0.00,,0.00,,ADJ_000211,0.00,PROCESSING_FEE,PROCESSING_FEE
TXN_000212,MER_008,ORD_000212,PAY_000212,SUCCESS,92535.00,INR,2026-06-16T15:50:00,SET_000212,92535.00,INR,2026-06-18T15:50:00,,0.00,,0.00,,0.00,,ADJ_000212,0.00,NORMAL,NORMAL
TXN_000213,MER_003,ORD_000213,PAY_000213,SUCCESS,65023.00,INR,2026-06-26T00:22:00,SET_000213,48767.25,INR,2026-06-27T00:22:00,,0.00,,0.00,REF_000213,16255.75,PROCESSED,ADJ_000213,0.00,RECONCILED_REFUND,RECONCILED_REFUND
TXN_000214,MER_006,ORD_000214,PAY_000214,SUCCESS,13254.00,INR,2026-06-09T12:23:00,SET_000214,13254.00,INR,2026-06-11T12:23:00,,0.00,,0.00,,0.00,,ADJ_000214,0.00,NORMAL,NORMAL
TXN_000215,MER_008,ORD_000215,PAY_000215,SUCCESS,2111.00,INR,2026-05-12T21:24:00,SET_000215,2111.00,INR,2026-05-13T21:24:00,,0.00,,0.00,,0.00,,ADJ_000215,0.00,NORMAL,NORMAL
TXN_000216,MER_003,ORD_000216,PAY_000216,SUCCESS,9907.00,INR,2026-03-27T20:14:00,SET_000216,7430.25,INR,2026-03-29T20:14:00,,0.00,,0.00,REF_000216,2476.75,PROCESSED,ADJ_000216,0.00,RECONCILED_REFUND,RECONCILED_REFUND
TXN_000217,MER_007,ORD_000217,PAY_000217,SUCCESS,85275.00,INR,2026-01-15T23:54:00,SET_000217,83262.51,INR,2026-01-17T23:54:00,FEE_000217,1705.50,PROCESSING_FEE,306.99,,0.00,,ADJ_000217,0.00,RECONCILED_TAX,RECONCILED_TAX
TXN_000218,MER_007,ORD_000218,PAY_000218,SUCCESS,41605.00,INR,2026-04-25T11:31:00,SET_000218,41605.00,INR,2026-04-28T11:31:00,,0.00,,0.00,REF_000218,8321.00,PROCESSED,ADJ_000218,0.00,UNSUPPORTED_REFUND,UNSUPPORTED_REFUND
TXN_000219,MER_008,ORD_000219,PAY_000219,SUCCESS,71012.00,INR,2026-01-07T21:50:00,SET_000219,71012.00,INR,2026-01-10T21:50:00,,0.00,,0.00,,0.00,,ADJ_000219,0.00,DUPLICATE_SETTLEMENT,DUPLICATE_SETTLEMENT
TXN_000220,MER_005,ORD_000220,PAY_000220,SUCCESS,29917.00,INR,2026-05-17T07:40:00,SET_000220,29917.00,INR,2026-05-18T07:40:00,,0.00,,0.00,,0.00,,ADJ_000220,0.00,NORMAL,NORMAL
TXN_000221,MER_002,ORD_000221,PAY_000221,SUCCESS,99763.00,INR,2026-04-26T17:53:00,SET_000221,74822.25,INR,2026-04-29T17:53:00,,0.00,,0.00,REF_000221,24940.75,PROCESSED,ADJ_000221,0.00,RECONCILED_REFUND,RECONCILED_REFUND
TXN_000222,MER_008,ORD_000222,PAY_000222,SUCCESS,21905.00,INR,2026-05-07T17:08:00,SET_000222,21905.00,INR,2026-05-09T17:08:00,,0.00,,0.00,,0.00,,ADJ_000222,0.00,DUPLICATE_SETTLEMENT,DUPLICATE_SETTLEMENT
TXN_000223,MER_001,ORD_000223,PAY_000223,SUCCESS,42616.00,INR,2026-05-26T07:24:00,SET_000223,42616.00,INR,2026-05-27T07:24:00,,0.00,,0.00,,0.00,,ADJ_000223,0.00,DUPLICATE_SETTLEMENT,DUPLICATE_SETTLEMENT
TXN_000224,MER_006,ORD_000224,PAY_000224,SUCCESS,56550.00,INR,2026-01-27T21:00:00,SET_000224,55419.00,INR,2026-01-28T21:00:00,FEE_000224,1131.00,PROCESSING_FEE,0.00,,0.00,,ADJ_000224,0.00,PROCESSING_FEE,PROCESSING_FEE
TXN_000225,MER_003,ORD_000225,PAY_000225,SUCCESS,22380.00,INR,2026-02-02T05:53:00,SET_000225,22380.00,INR,2026-02-03T05:53:00,,0.00,,0.00,,0.00,,ADJ_000225,0.00,DUPLICATE_PAYMENT_ATTEMPT,DUPLICATE_PAYMENT_ATTEMPT
TXN_000226,MER_007,ORD_000226,PAY_000226,SUCCESS,81326.00,INR,2026-05-05T17:39:00,SET_000226,81326.00,INR,2026-05-10T17:39:00,,0.00,,0.00,,0.00,,ADJ_000226,0.00,SETTLEMENT_DELAY,SETTLEMENT_DELAY
TXN_000227,MER_003,ORD_000227,PAY_000227,FAILED,30533.00,INR,2026-03-26T07:47:00,SET_000227,0.00,INR,2026-03-29T07:47:00,,0.00,,0.00,,0.00,,ADJ_000227,0.00,PAYMENT_FAILED,PAYMENT_FAILED
TXN_000228,MER_005,ORD_000228,PAY_000228,SUCCESS,87504.00,INR,2026-01-03T02:03:00,SET_000228,85753.92,INR,2026-01-05T02:03:00,FEE_000228,1750.08,PROCESSING_FEE,0.00,,0.00,,ADJ_000228,0.00,PROCESSING_FEE,PROCESSING_FEE
TXN_000229,MER_003,ORD_000229,PAY_000229,SUCCESS,9781.00,INR,2026-03-22T18:56:00,SET_000229,9781.00,INR,2026-03-24T18:56:00,,0.00,,0.00,,0.00,,ADJ_000229,0.00,DUPLICATE_SETTLEMENT,DUPLICATE_SETTLEMENT
TXN_000230,MER_005,ORD_000230,,MISSING,83846.00,INR,2026-06-25T12:10:00,,0.00,INR,,,0.00,,0.00,,0.00,,ADJ_000230,0.00,ORDER_WITHOUT_PAYMENT,ORDER_WITHOUT_PAYMENT
TXN_000231,MER_008,ORD_000231,PAY_000231,SUCCESS,39699.00,INR,2026-02-06T15:23:00,,0.00,INR,,,0.00,,0.00,,0.00,,ADJ_000231,0.00,MISSING_SETTLEMENT,MISSING_SETTLEMENT
TXN_000232,MER_002,ORD_000232,PAY_000232,SUCCESS,31191.00,INR,2026-03-11T19:12:00,SET_000232,31191.00,INR,2026-03-14T19:12:00,,0.00,,0.00,REF_000232,6238.20,PROCESSED,ADJ_000232,0.00,UNSUPPORTED_REFUND,UNSUPPORTED_REFUND
TXN_000233,MER_005,ORD_000233,PAY_000233,SUCCESS,91755.00,INR,2026-02-24T02:52:00,SET_000233,89589.58,INR,2026-02-25T02:52:00,FEE_000233,1835.10,PROCESSING_FEE,330.32,,0.00,,ADJ_000233,0.00,RECONCILED_TAX,RECONCILED_TAX
TXN_000234,MER_007,,PAY_000234,SUCCESS,36076.00,INR,2026-01-02T20:22:00,SET_000234,36076.00,INR,2026-01-05T20:22:00,,0.00,,0.00,,0.00,,ADJ_000234,0.00,ORPHAN_PAYMENT,ORPHAN_PAYMENT
TXN_000235,MER_001,ORD_000235,PAY_000235,SUCCESS,79582.00,INR,2026-05-17T00:42:00,SET_000235,79582.00,INR,2026-05-19T00:42:00,,0.00,,0.00,REF_000235,15916.40,PROCESSED,ADJ_000235,0.00,UNSUPPORTED_REFUND,UNSUPPORTED_REFUND
TXN_000236,MER_005,ORD_000236,PAY_000236,SUCCESS,30262.00,INR,2026-04-21T21:18:00,SET_000236,30262.00,INR,2026-04-23T21:18:00,,0.00,,0.00,REF_000236,6052.40,PROCESSED,ADJ_000236,0.00,UNSUPPORTED_REFUND,UNSUPPORTED_REFUND
TXN_000237,MER_004,ORD_000237,PAY_000237,SUCCESS,81481.00,INR,2026-02-16T00:00:00,SET_000237,79851.38,INR,2026-02-19T00:00:00,FEE_000237,1629.62,PROCESSING_FEE,0.00,,0.00,,ADJ_000237,0.00,PROCESSING_FEE,PROCESSING_FEE
TXN_000238,MER_003,ORD_000238,PAY_000238,SUCCESS,82445.00,INR,2026-01-19T01:30:00,SET_000238,78322.75,INR,2026-01-22T01:30:00,,0.00,,0.00,,0.00,,ADJ_000238,0.00,UNEXPLAINED_DISCREPANCY,UNEXPLAINED_DISCREPANCY
TXN_000239,MER_005,ORD_000239,PAY_000239,SUCCESS,57879.00,INR,2026-01-07T10:46:00,SET_000239,43409.25,INR,2026-01-10T10:46:00,,0.00,,0.00,REF_000239,14469.75,PROCESSED,ADJ_000239,0.00,RECONCILED_PARTIAL,RECONCILED_PARTIAL
TXN_000240,MER_003,ORD_000240,PAY_000240,SUCCESS,11913.00,INR,2026-06-15T23:13:00,SET_000240,11631.85,INR,2026-06-17T23:13:00,FEE_000240,238.26,PROCESSING_FEE,42.89,,0.00,,ADJ_000240,0.00,RECONCILED_TAX,RECONCILED_TAX
TXN_000241,MER_007,ORD_000241,PAY_000241,SUCCESS,23121.00,INR,2026-02-06T22:17:00,SET_000241,22575.34,INR,2026-02-07T22:17:00,FEE_000241,462.42,PROCESSING_FEE,83.24,,0.00,,ADJ_000241,0.00,RECONCILED_TAX,RECONCILED_TAX
TXN_000242,MER_006,ORD_000242,PAY_000242,SUCCESS,69679.00,INR,2026-04-02T17:22:00,SET_000242,66195.05,INR,2026-04-04T17:22:00,,0.00,,0.00,,0.00,,ADJ_000242,0.00,UNEXPLAINED_DISCREPANCY,UNEXPLAINED_DISCREPANCY
TXN_000243,MER_005,ORD_000243,PAY_000243,SUCCESS,63256.00,INR,2026-06-26T11:33:00,SET_000243,63256.00,INR,2026-06-28T11:33:00,,0.00,,0.00,REF_000243,12651.20,PROCESSED,ADJ_000243,0.00,UNSUPPORTED_REFUND,UNSUPPORTED_REFUND
TXN_000244,MER_006,ORD_000244,PAY_000244,SUCCESS,15195.00,INR,2026-03-27T15:10:00,,0.00,INR,,,0.00,,0.00,,0.00,,ADJ_000244,0.00,MISSING_SETTLEMENT,MISSING_SETTLEMENT
TXN_000245,MER_004,ORD_000245,PAY_000245,SUCCESS,88747.00,INR,2026-05-13T05:09:00,SET_000245,88747.00,INR,2026-05-16T05:09:00,,0.00,,0.00,,0.00,,ADJ_000245,0.00,NORMAL,NORMAL
TXN_000246,MER_006,,PAY_000246,SUCCESS,11936.00,INR,2026-05-25T07:32:00,SET_000246,11936.00,INR,2026-05-27T07:32:00,,0.00,,0.00,,0.00,,ADJ_000246,0.00,ORPHAN_PAYMENT,ORPHAN_PAYMENT
TXN_000247,MER_002,ORD_000247,PAY_000247,SUCCESS,59709.00,INR,2026-03-09T11:22:00,SET_000247,59709.00,INR,2026-03-12T11:22:00,,0.00,,0.00,,0.00,,ADJ_000247,0.00,NORMAL,NORMAL
TXN_000248,MER_005,ORD_000248,PAY_000248,SUCCESS,76719.00,INR,2026-03-11T17:43:00,,0.00,INR,,,0.00,,0.00,,0.00,,ADJ_000248,0.00,MISSING_SETTLEMENT,MISSING_SETTLEMENT
TXN_000249,MER_002,ORD_000249,PAY_000249,SUCCESS,88552.00,INR,2026-02-12T22:35:00,SET_000249,0.00,INR,2026-02-14T22:35:00,,0.00,,0.00,REF_000249,123972.80,PROCESSED,ADJ_000249,0.00,INVALID_REFUND,INVALID_REFUND
TXN_000250,MER_006,ORD_000250,PAY_000250,SUCCESS,80064.00,INR,2026-02-10T16:10:00,SET_000250,80064.00,INR,2026-02-13T16:10:00,,0.00,,0.00,,0.00,,ADJ_000250,0.00,NORMAL,NORMAL
TXN_000251,MER_008,ORD_000251,PAY_000251,SUCCESS,91991.00,INR,2026-02-25T09:17:00,SET_000251,91991.00,INR,2026-02-28T09:17:00,,0.00,,0.00,,0.00,,ADJ_000251,0.00,NORMAL,NORMAL
TXN_000252,MER_003,ORD_000252,PAY_000252,SUCCESS,6043.00,INR,2026-06-22T15:16:00,SET_000252,4532.25,INR,2026-06-23T15:16:00,,0.00,,0.00,REF_000252,1510.75,PROCESSED,ADJ_000252,0.00,RECONCILED_REFUND,RECONCILED_REFUND
TXN_000253,MER_008,ORD_000253,PAY_000253,SUCCESS,15320.00,INR,2026-01-19T01:38:00,SET_000253,14958.45,INR,2026-01-20T01:38:00,FEE_000253,306.40,PROCESSING_FEE,55.15,,0.00,,ADJ_000253,0.00,RECONCILED_TAX,RECONCILED_TAX
TXN_000254,MER_003,ORD_000254,PAY_000254,SUCCESS,51040.00,INR,2026-03-24T22:59:00,SET_000254,51040.00,INR,2026-03-26T22:59:00,,0.00,,0.00,,0.00,,ADJ_000254,0.00,DUPLICATE_SETTLEMENT,DUPLICATE_SETTLEMENT
TXN_000255,MER_007,ORD_000255,PAY_000255,SUCCESS,77083.00,INR,2026-05-16T12:01:00,SET_000255,57812.25,INR,2026-05-19T12:01:00,,0.00,,0.00,REF_000255,19270.75,PROCESSED,ADJ_000255,0.00,RECONCILED_PARTIAL,RECONCILED_PARTIAL
TXN_000256,MER_007,ORD_000256,PAY_000256,SUCCESS,85941.00,INR,2026-01-19T09:37:00,SET_000256,85941.00,INR,2026-01-21T09:37:00,,0.00,,0.00,,0.00,,ADJ_000256,0.00,NORMAL,NORMAL
TXN_000257,MER_005,ORD_000257,PAY_000257,SUCCESS,4388.00,INR,2026-05-07T00:52:00,SET_000257,4388.00,INR,2026-05-12T00:52:00,,0.00,,0.00,,0.00,,ADJ_000257,0.00,SETTLEMENT_DELAY,SETTLEMENT_DELAY
TXN_000258,MER_008,ORD_000258,PAY_000258,SUCCESS,31047.00,INR,2026-06-06T02:31:00,SET_000258,30426.06,INR,2026-06-08T02:31:00,FEE_000258,620.94,PROCESSING_FEE,0.00,,0.00,,ADJ_000258,0.00,PROCESSING_FEE,PROCESSING_FEE
TXN_000259,MER_006,ORD_000259,PAY_000259,SUCCESS,71464.00,INR,2026-06-14T12:34:00,SET_000259,71464.00,INR,2026-06-17T12:34:00,,0.00,,0.00,,0.00,,ADJ_000259,0.00,NORMAL,NORMAL
TXN_000260,MER_007,ORD_000260,PAY_000260,SUCCESS,36260.00,INR,2026-02-04T22:17:00,SET_000260,35404.26,INR,2026-02-05T22:17:00,FEE_000260,725.20,PROCESSING_FEE,130.54,,0.00,,ADJ_000260,0.00,RECONCILED_TAX,RECONCILED_TAX
TXN_000261,MER_008,ORD_000261,PAY_000261,SUCCESS,12115.00,INR,2026-05-02T00:40:00,SET_000261,0.00,INR,2026-05-03T00:40:00,,0.00,,0.00,REF_000261,16961.00,PROCESSED,ADJ_000261,0.00,INVALID_REFUND,INVALID_REFUND
TXN_000262,MER_001,ORD_000262,PAY_000262,SUCCESS,6729.00,INR,2026-05-24T14:33:00,SET_000262,5046.75,INR,2026-05-26T14:33:00,,0.00,,0.00,REF_000262,1682.25,PROCESSED,ADJ_000262,0.00,RECONCILED_PARTIAL,RECONCILED_PARTIAL
TXN_000263,MER_003,ORD_000263,PAY_000263,SUCCESS,74100.00,INR,2026-02-07T17:33:00,SET_000263,72618.00,INR,2026-02-08T17:33:00,FEE_000263,1482.00,PROCESSING_FEE,0.00,,0.00,,ADJ_000263,0.00,PROCESSING_FEE,PROCESSING_FEE
TXN_000264,MER_004,ORD_000264,PAY_000264,SUCCESS,76958.00,INR,2026-02-09T16:30:00,SET_000264,76958.00,INR,2026-02-10T16:30:00,,0.00,,0.00,REF_000264,15391.60,PROCESSED,ADJ_000264,0.00,UNSUPPORTED_REFUND,UNSUPPORTED_REFUND
TXN_000265,MER_003,ORD_000265,PAY_000265,SUCCESS,78216.00,INR,2026-01-01T21:23:00,SET_000265,76370.10,INR,2026-01-03T21:23:00,FEE_000265,1564.32,PROCESSING_FEE,281.58,,0.00,,ADJ_000265,0.00,RECONCILED_TAX,RECONCILED_TAX
TXN_000266,MER_003,ORD_000266,PAY_000266,SUCCESS,17138.00,INR,2026-04-09T17:14:00,SET_000266,17138.00,INR,2026-04-11T17:14:00,,0.00,,0.00,REF_000266,3427.60,PROCESSED,ADJ_000266,0.00,UNSUPPORTED_REFUND,UNSUPPORTED_REFUND
TXN_000267,MER_002,ORD_000267,PAY_000267,SUCCESS,86746.00,INR,2026-06-08T02:34:00,SET_000267,82408.70,INR,2026-06-09T02:34:00,,0.00,,0.00,,0.00,,ADJ_000267,0.00,UNEXPLAINED_DISCREPANCY,UNEXPLAINED_DISCREPANCY
TXN_000268,MER_006,ORD_000268,PAY_000268,SUCCESS,31286.00,INR,2026-04-18T13:44:00,SET_000268,31286.00,INR,2026-04-20T13:44:00,,0.00,,0.00,,0.00,,ADJ_000268,0.00,NORMAL,NORMAL
TXN_000269,MER_005,ORD_000269,PAY_000269,SUCCESS,6968.00,INR,2026-01-24T10:48:00,SET_000269,6968.00,INR,2026-01-27T10:48:00,,0.00,,0.00,,0.00,,ADJ_000269,0.00,NORMAL,NORMAL
TXN_000270,MER_002,ORD_000270,PAY_000270,SUCCESS,97835.00,INR,2026-01-12T22:41:00,SET_000270,73376.25,INR,2026-01-14T22:41:00,,0.00,,0.00,REF_000270,24458.75,PROCESSED,ADJ_000270,0.00,RECONCILED_REFUND,RECONCILED_REFUND
TXN_000271,MER_006,ORD_000271,PAY_000271,FAILED,67371.00,INR,2026-04-19T10:45:00,SET_000271,0.00,INR,2026-04-20T10:45:00,,0.00,,0.00,,0.00,,ADJ_000271,0.00,PAYMENT_FAILED,PAYMENT_FAILED
TXN_000272,MER_004,ORD_000272,PAY_000272,FAILED,80723.00,INR,2026-01-09T06:27:00,SET_000272,0.00,INR,2026-01-12T06:27:00,,0.00,,0.00,,0.00,,ADJ_000272,0.00,PAYMENT_FAILED,PAYMENT_FAILED
TXN_000273,MER_005,ORD_000273,PAY_000273,SUCCESS,60136.00,INR,2026-04-28T11:47:00,SET_000273,57129.20,INR,2026-04-29T11:47:00,,0.00,,0.00,,0.00,,ADJ_000273,0.00,UNEXPLAINED_DISCREPANCY,UNEXPLAINED_DISCREPANCY
TXN_000274,MER_008,ORD_000274,PAY_000274,SUCCESS,52740.00,INR,2026-03-19T23:25:00,SET_000274,52740.00,INR,2026-03-22T23:25:00,,0.00,,0.00,,0.00,,ADJ_000274,0.00,NORMAL,NORMAL
TXN_000275,MER_008,ORD_000275,PAY_000275,SUCCESS,9732.00,INR,2026-06-14T01:57:00,SET_000275,9732.00,INR,2026-06-15T01:57:00,,0.00,,0.00,,0.00,,ADJ_000275,0.00,NORMAL,NORMAL
TXN_000276,MER_003,ORD_000276,PAY_000276,SUCCESS,8709.00,INR,2026-01-24T08:20:00,SET_000276,8503.47,INR,2026-01-26T08:20:00,FEE_000276,174.18,PROCESSING_FEE,31.35,,0.00,,ADJ_000276,0.00,RECONCILED_TAX,RECONCILED_TAX
TXN_000277,MER_006,ORD_000277,PAY_000277,SUCCESS,50025.00,INR,2026-04-20T03:02:00,SET_000277,37518.75,INR,2026-04-23T03:02:00,,0.00,,0.00,REF_000277,12506.25,PROCESSED,ADJ_000277,0.00,RECONCILED_PARTIAL,RECONCILED_PARTIAL
TXN_000278,MER_007,ORD_000278,PAY_000278,SUCCESS,13099.00,INR,2026-05-25T18:05:00,SET_000278,12837.02,INR,2026-05-28T18:05:00,FEE_000278,261.98,PROCESSING_FEE,0.00,,0.00,,ADJ_000278,0.00,PROCESSING_FEE,PROCESSING_FEE
TXN_000279,MER_004,ORD_000279,PAY_000279,SUCCESS,56470.00,INR,2026-03-24T13:52:00,SET_000279,56470.00,INR,2026-03-25T13:52:00,,0.00,,0.00,,0.00,,ADJ_000279,0.00,NORMAL,NORMAL
TXN_000280,MER_008,ORD_000280,PAY_000280,SUCCESS,52362.00,INR,2026-03-18T02:29:00,SET_000280,39271.50,INR,2026-03-21T02:29:00,,0.00,,0.00,REF_000280,13090.50,PROCESSED,ADJ_000280,0.00,RECONCILED_REFUND,RECONCILED_REFUND
TXN_000281,MER_007,ORD_000281,PAY_000281,SUCCESS,41063.00,INR,2026-05-02T10:54:00,SET_000281,41063.00,INR,2026-05-04T10:54:00,,0.00,,0.00,,0.00,,ADJ_000281,0.00,NORMAL,NORMAL
TXN_000282,MER_003,ORD_000282,PAY_000282,SUCCESS,90123.00,INR,2026-06-18T09:34:00,SET_000282,67592.25,INR,2026-06-20T09:34:00,,0.00,,0.00,REF_000282,22530.75,PROCESSED,ADJ_000282,0.00,RECONCILED_REFUND,RECONCILED_REFUND
TXN_000283,MER_002,ORD_000283,PAY_000283,SUCCESS,12319.00,INR,2026-03-20T23:53:00,SET_000283,12319.00,INR,2026-03-21T23:53:00,,0.00,,0.00,,0.00,,ADJ_000283,0.00,NORMAL,NORMAL
TXN_000284,MER_006,ORD_000284,PAY_000284,SUCCESS,17154.00,INR,2026-04-12T15:49:00,,0.00,INR,,,0.00,,0.00,,0.00,,ADJ_000284,0.00,MISSING_SETTLEMENT,MISSING_SETTLEMENT
TXN_000285,MER_006,ORD_000285,PAY_000285,SUCCESS,87919.00,INR,2026-01-23T15:02:00,SET_000285,87919.00,INR,2026-01-28T15:02:00,,0.00,,0.00,,0.00,,ADJ_000285,0.00,SETTLEMENT_DELAY,SETTLEMENT_DELAY
TXN_000286,MER_007,ORD_000286,PAY_000286,SUCCESS,94610.00,INR,2026-01-10T17:46:00,SET_000286,92377.20,INR,2026-01-12T17:46:00,FEE_000286,1892.20,PROCESSING_FEE,340.60,,0.00,,ADJ_000286,0.00,RECONCILED_TAX,RECONCILED_TAX
TXN_000287,MER_006,ORD_000287,PAY_000287,SUCCESS,13679.00,INR,2026-04-16T13:57:00,SET_000287,13679.00,INR,2026-04-21T13:57:00,,0.00,,0.00,,0.00,,ADJ_000287,0.00,SETTLEMENT_DELAY,SETTLEMENT_DELAY
TXN_000288,MER_008,ORD_000288,PAY_000288,SUCCESS,29492.00,INR,2026-06-04T14:48:00,SET_000288,28902.16,INR,2026-06-05T14:48:00,FEE_000288,589.84,PROCESSING_FEE,0.00,,0.00,,ADJ_000288,0.00,PROCESSING_FEE,PROCESSING_FEE
TXN_000289,MER_006,ORD_000289,PAY_000289,SUCCESS,15158.00,INR,2026-05-20T04:52:00,SET_000289,14800.27,INR,2026-05-22T04:52:00,FEE_000289,303.16,PROCESSING_FEE,54.57,,0.00,,ADJ_000289,0.00,RECONCILED_TAX,RECONCILED_TAX
TXN_000290,MER_007,ORD_000290,PAY_000290,SUCCESS,73626.00,INR,2026-06-27T18:51:00,SET_000290,73626.00,INR,2026-07-02T18:51:00,,0.00,,0.00,,0.00,,ADJ_000290,0.00,SETTLEMENT_DELAY,SETTLEMENT_DELAY
TXN_000291,MER_001,ORD_000291,PAY_000291,SUCCESS,79922.00,INR,2026-06-19T12:13:00,SET_000291,79922.00,INR,2026-06-24T12:13:00,,0.00,,0.00,,0.00,,ADJ_000291,0.00,SETTLEMENT_DELAY,SETTLEMENT_DELAY
TXN_000292,MER_005,ORD_000292,PAY_000292,SUCCESS,3894.00,INR,2026-02-03T05:14:00,SET_000292,3894.00,INR,2026-02-05T05:14:00,,0.00,,0.00,REF_000292,778.80,PROCESSED,ADJ_000292,0.00,UNSUPPORTED_REFUND,UNSUPPORTED_REFUND
TXN_000293,MER_005,ORD_000293,PAY_000293,SUCCESS,44641.00,INR,2026-03-06T06:38:00,,0.00,INR,,,0.00,,0.00,,0.00,,ADJ_000293,0.00,MISSING_SETTLEMENT,MISSING_SETTLEMENT
TXN_000294,MER_003,ORD_000294,PAY_000294,SUCCESS,74328.00,INR,2026-05-01T00:58:00,SET_000294,74328.00,INR,2026-05-03T00:58:00,,0.00,,0.00,,0.00,,ADJ_000294,0.00,NORMAL,NORMAL
TXN_000295,MER_001,ORD_000295,PAY_000295,SUCCESS,12126.00,INR,2026-05-17T04:48:00,SET_000295,12126.00,INR,2026-05-20T04:48:00,,0.00,,0.00,,0.00,,ADJ_000295,0.00,NORMAL,NORMAL
TXN_000296,MER_007,ORD_000296,PAY_000296,SUCCESS,59560.00,INR,2026-03-04T10:23:00,SET_000296,58368.80,INR,2026-03-05T10:23:00,FEE_000296,1191.20,PROCESSING_FEE,0.00,,0.00,,ADJ_000296,0.00,PROCESSING_FEE,PROCESSING_FEE
TXN_000297,MER_006,ORD_000297,PAY_000297,SUCCESS,74495.00,INR,2026-04-19T21:56:00,SET_000297,55871.25,INR,2026-04-20T21:56:00,,0.00,,0.00,REF_000297,18623.75,PROCESSED,ADJ_000297,0.00,RECONCILED_REFUND,RECONCILED_REFUND
TXN_000298,MER_003,ORD_000298,PAY_000298,SUCCESS,20732.00,INR,2026-05-18T17:10:00,SET_000298,20732.00,INR,2026-05-21T17:10:00,,0.00,,0.00,,0.00,,ADJ_000298,0.00,DUPLICATE_SETTLEMENT,DUPLICATE_SETTLEMENT
TXN_000299,MER_002,ORD_000299,PAY_000299,SUCCESS,35765.00,INR,2026-03-23T00:59:00,SET_000299,35765.00,INR,2026-03-26T00:59:00,,0.00,,0.00,,0.00,,ADJ_000299,0.00,NORMAL,NORMAL
TXN_000300,MER_008,ORD_000300,PAY_000300,SUCCESS,54387.00,INR,2026-02-20T02:29:00,SET_000300,40790.25,INR,2026-02-21T02:29:00,,0.00,,0.00,REF_000300,13596.75,PROCESSED,ADJ_000300,0.00,RECONCILED_REFUND,RECONCILED_REFUND
TXN_000301,MER_002,ORD_000301,PAY_000301,SUCCESS,45342.00,INR,2026-03-20T15:19:00,SET_000301,43074.90,INR,2026-03-21T15:19:00,,0.00,,0.00,,0.00,,ADJ_000301,0.00,UNEXPLAINED_DISCREPANCY,UNEXPLAINED_DISCREPANCY
TXN_000302,MER_008,ORD_000302,PAY_000302,SUCCESS,69166.00,INR,2026-05-02T19:44:00,SET_000302,67782.68,INR,2026-05-04T19:44:00,FEE_000302,1383.32,PROCESSING_FEE,0.00,,0.00,,ADJ_000302,0.00,PROCESSING_FEE,PROCESSING_FEE
TXN_000303,MER_007,ORD_000303,PAY_000303,SUCCESS,78654.00,INR,2026-01-11T08:20:00,SET_000303,78654.00,INR,2026-01-12T08:20:00,,0.00,,0.00,,0.00,,ADJ_000303,0.00,NORMAL,NORMAL
TXN_000304,MER_004,ORD_000304,PAY_000304,SUCCESS,18087.00,INR,2026-05-20T11:40:00,SET_000304,17725.26,INR,2026-05-22T11:40:00,FEE_000304,361.74,PROCESSING_FEE,0.00,,0.00,,ADJ_000304,0.00,PROCESSING_FEE,PROCESSING_FEE
TXN_000305,MER_002,ORD_000305,PAY_000305,SUCCESS,1113.00,INR,2026-04-01T22:06:00,SET_000305,1090.74,INR,2026-04-04T22:06:00,FEE_000305,22.26,PROCESSING_FEE,0.00,,0.00,,ADJ_000305,0.00,PROCESSING_FEE,PROCESSING_FEE
TXN_000306,MER_003,ORD_000306,PAY_000306,SUCCESS,49934.00,INR,2026-04-08T07:53:00,SET_000306,37450.50,INR,2026-04-11T07:53:00,,0.00,,0.00,REF_000306,12483.50,PROCESSED,ADJ_000306,0.00,RECONCILED_REFUND,RECONCILED_REFUND
TXN_000307,MER_006,ORD_000307,PAY_000307,SUCCESS,9547.00,INR,2026-03-14T15:49:00,SET_000307,9356.06,INR,2026-03-17T15:49:00,FEE_000307,190.94,PROCESSING_FEE,0.00,,0.00,,ADJ_000307,0.00,PROCESSING_FEE,PROCESSING_FEE
TXN_000308,MER_001,ORD_000308,PAY_000308,SUCCESS,60360.00,INR,2026-06-18T01:37:00,SET_000308,60360.00,INR,2026-06-19T01:37:00,,0.00,,0.00,,0.00,,ADJ_000308,0.00,NORMAL,NORMAL
TXN_000309,MER_007,ORD_000309,PAY_000309,SUCCESS,75256.00,INR,2026-03-15T23:57:00,SET_000309,75256.00,INR,2026-03-18T23:57:00,,0.00,,0.00,REF_000309,15051.20,PROCESSED,ADJ_000309,0.00,UNSUPPORTED_REFUND,UNSUPPORTED_REFUND
TXN_000310,MER_005,ORD_000310,PAY_000310,SUCCESS,15196.00,INR,2026-03-16T02:36:00,SET_000310,11397.00,INR,2026-03-17T02:36:00,,0.00,,0.00,REF_000310,3799.00,PROCESSED,ADJ_000310,0.00,RECONCILED_PARTIAL,RECONCILED_PARTIAL
TXN_000311,MER_003,,PAY_000311,SUCCESS,81118.00,INR,2026-03-26T03:11:00,SET_000311,81118.00,INR,2026-03-29T03:11:00,,0.00,,0.00,,0.00,,ADJ_000311,0.00,ORPHAN_PAYMENT,ORPHAN_PAYMENT
TXN_000312,MER_002,ORD_000312,PAY_000312,SUCCESS,57340.00,INR,2026-06-04T02:36:00,SET_000312,57340.00,INR,2026-06-05T02:36:00,,0.00,,0.00,,0.00,,ADJ_000312,0.00,DUPLICATE_SETTLEMENT,DUPLICATE_SETTLEMENT
TXN_000313,MER_007,ORD_000313,PAY_000313,SUCCESS,68776.00,INR,2026-01-15T16:36:00,SET_000313,67400.48,INR,2026-01-17T16:36:00,FEE_000313,1375.52,PROCESSING_FEE,0.00,,0.00,,ADJ_000313,0.00,PROCESSING_FEE,PROCESSING_FEE
TXN_000314,MER_006,ORD_000314,PAY_000314,SUCCESS,29141.00,INR,2026-03-03T00:11:00,SET_000314,29141.00,INR,2026-03-04T00:11:00,,0.00,,0.00,,0.00,,ADJ_000314,0.00,DUPLICATE_SETTLEMENT,DUPLICATE_SETTLEMENT
TXN_000315,MER_002,ORD_000315,PAY_000315,SUCCESS,69647.00,INR,2026-04-04T05:00:00,SET_000315,69647.00,INR,2026-04-05T05:00:00,,0.00,,0.00,,0.00,,ADJ_000315,0.00,NORMAL,NORMAL
TXN_000316,MER_006,ORD_000316,PAY_000316,SUCCESS,46119.00,INR,2026-05-13T18:58:00,SET_000316,46119.00,INR,2026-05-16T18:58:00,,0.00,,0.00,,0.00,,ADJ_000316,0.00,DUPLICATE_SETTLEMENT,DUPLICATE_SETTLEMENT
TXN_000317,MER_004,ORD_000317,PAY_000317,SUCCESS,13574.00,INR,2026-01-28T00:49:00,SET_000317,12895.30,INR,2026-01-30T00:49:00,,0.00,,0.00,,0.00,,ADJ_000317,0.00,UNEXPLAINED_DISCREPANCY,UNEXPLAINED_DISCREPANCY
TXN_000318,MER_003,ORD_000318,PAY_000318,SUCCESS,99742.00,INR,2026-05-19T13:47:00,SET_000318,99742.00,INR,2026-05-22T13:47:00,,0.00,,0.00,,0.00,,ADJ_000318,0.00,NORMAL,NORMAL
TXN_000319,MER_008,ORD_000319,PAY_000319,SUCCESS,60911.00,INR,2026-05-18T17:13:00,SET_000319,60911.00,INR,2026-05-21T17:13:00,,0.00,,0.00,,0.00,,ADJ_000319,0.00,NORMAL,NORMAL
TXN_000320,MER_008,ORD_000320,PAY_000320,SUCCESS,89377.00,INR,2026-06-18T14:41:00,SET_000320,84908.15,INR,2026-06-21T14:41:00,,0.00,,0.00,,0.00,,ADJ_000320,0.00,UNEXPLAINED_DISCREPANCY,UNEXPLAINED_DISCREPANCY
TXN_000321,MER_006,ORD_000321,PAY_000321,SUCCESS,82310.00,INR,2026-02-27T22:13:00,SET_000321,61732.50,INR,2026-02-28T22:13:00,,0.00,,0.00,REF_000321,20577.50,PROCESSED,ADJ_000321,0.00,RECONCILED_PARTIAL,RECONCILED_PARTIAL
TXN_000322,MER_008,ORD_000322,PAY_000322,SUCCESS,58061.00,INR,2026-04-26T07:33:00,SET_000322,43545.75,INR,2026-04-28T07:33:00,,0.00,,0.00,REF_000322,14515.25,PROCESSED,ADJ_000322,0.00,RECONCILED_REFUND,RECONCILED_REFUND
TXN_000323,MER_001,ORD_000323,PAY_000323,SUCCESS,46229.00,INR,2026-04-03T17:35:00,SET_000323,43917.55,INR,2026-04-04T17:35:00,,0.00,,0.00,,0.00,,ADJ_000323,0.00,UNEXPLAINED_DISCREPANCY,UNEXPLAINED_DISCREPANCY
TXN_000324,MER_008,ORD_000324,PAY_000324,SUCCESS,5029.00,INR,2026-01-11T17:33:00,SET_000324,4910.32,INR,2026-01-13T17:33:00,FEE_000324,100.58,PROCESSING_FEE,18.10,,0.00,,ADJ_000324,0.00,RECONCILED_TAX,RECONCILED_TAX
TXN_000325,MER_002,ORD_000325,PAY_000325,SUCCESS,84597.00,INR,2026-06-07T16:57:00,SET_000325,84597.00,INR,2026-06-08T16:57:00,,0.00,,0.00,REF_000325,16919.40,PROCESSED,ADJ_000325,0.00,UNSUPPORTED_REFUND,UNSUPPORTED_REFUND
TXN_000326,MER_007,ORD_000326,PAY_000326,SUCCESS,60748.00,INR,2026-04-17T00:29:00,SET_000326,60748.00,INR,2026-04-22T00:29:00,,0.00,,0.00,,0.00,,ADJ_000326,0.00,SETTLEMENT_DELAY,SETTLEMENT_DELAY
TXN_000327,MER_001,ORD_000327,PAY_000327,SUCCESS,59047.00,INR,2026-06-15T20:41:00,SET_000327,0.00,INR,2026-06-18T20:41:00,,0.00,,0.00,REF_000327,82665.80,PROCESSED,ADJ_000327,0.00,INVALID_REFUND,INVALID_REFUND
TXN_000328,MER_006,ORD_000328,PAY_000328,SUCCESS,79399.00,INR,2026-03-28T23:03:00,SET_000328,59549.25,INR,2026-03-31T23:03:00,,0.00,,0.00,REF_000328,19849.75,PROCESSED,ADJ_000328,0.00,RECONCILED_PARTIAL,RECONCILED_PARTIAL
TXN_000329,MER_001,ORD_000329,PAY_000329,SUCCESS,59150.00,INR,2026-01-20T05:12:00,SET_000329,59150.00,INR,2026-01-22T05:12:00,,0.00,,0.00,,0.00,,ADJ_000329,0.00,NORMAL,NORMAL
TXN_000330,MER_002,ORD_000330,,MISSING,66232.00,INR,2026-04-28T23:58:00,,0.00,INR,,,0.00,,0.00,,0.00,,ADJ_000330,0.00,ORDER_WITHOUT_PAYMENT,ORDER_WITHOUT_PAYMENT
TXN_000331,MER_008,ORD_000331,PAY_000331,SUCCESS,57695.00,INR,2026-04-06T18:41:00,SET_000331,57695.00,INR,2026-04-09T18:41:00,,0.00,,0.00,,0.00,,ADJ_000331,0.00,NORMAL,NORMAL
TXN_000332,MER_006,ORD_000332,PAY_000332,SUCCESS,48970.00,INR,2026-06-17T11:31:00,SET_000332,48970.00,INR,2026-06-22T11:31:00,,0.00,,0.00,,0.00,,ADJ_000332,0.00,SETTLEMENT_DELAY,SETTLEMENT_DELAY
TXN_000333,MER_006,ORD_000333,PAY_000333,SUCCESS,89084.00,INR,2026-04-20T05:12:00,SET_000333,66813.00,INR,2026-04-21T05:12:00,,0.00,,0.00,REF_000333,22271.00,PROCESSED,ADJ_000333,0.00,RECONCILED_REFUND,RECONCILED_REFUND
TXN_000334,MER_006,ORD_000334,PAY_000334,SUCCESS,8739.00,INR,2026-03-02T09:26:00,SET_000334,8302.05,INR,2026-03-03T09:26:00,,0.00,,0.00,,0.00,,ADJ_000334,0.00,UNEXPLAINED_DISCREPANCY,UNEXPLAINED_DISCREPANCY
TXN_000335,MER_007,ORD_000335,PAY_000335,SUCCESS,37343.00,INR,2026-02-16T05:59:00,SET_000335,37343.00,INR,2026-02-19T05:59:00,,0.00,,0.00,,0.00,,ADJ_000335,0.00,DUPLICATE_PAYMENT_ATTEMPT,DUPLICATE_PAYMENT_ATTEMPT
TXN_000336,MER_003,ORD_000336,PAY_000336,SUCCESS,43794.00,INR,2026-01-16T05:05:00,SET_000336,43794.00,INR,2026-01-19T05:05:00,,0.00,,0.00,REF_000336,8758.80,PROCESSED,ADJ_000336,0.00,UNSUPPORTED_REFUND,UNSUPPORTED_REFUND
TXN_000337,MER_006,ORD_000337,PAY_000337,SUCCESS,40762.00,INR,2026-06-26T12:55:00,SET_000337,30571.50,INR,2026-06-29T12:55:00,,0.00,,0.00,REF_000337,10190.50,PROCESSED,ADJ_000337,0.00,RECONCILED_PARTIAL,RECONCILED_PARTIAL
TXN_000338,MER_007,ORD_000338,PAY_000338,SUCCESS,17001.00,INR,2026-04-19T16:46:00,,0.00,INR,,,0.00,,0.00,,0.00,,ADJ_000338,0.00,MISSING_SETTLEMENT,MISSING_SETTLEMENT
TXN_000339,MER_005,ORD_000339,PAY_000339,SUCCESS,73359.00,INR,2026-03-10T22:44:00,SET_000339,0.00,INR,2026-03-13T22:44:00,,0.00,,0.00,REF_000339,102702.60,PROCESSED,ADJ_000339,0.00,INVALID_REFUND,INVALID_REFUND
TXN_000340,MER_003,ORD_000340,PAY_000340,SUCCESS,87933.00,INR,2026-05-09T07:42:00,SET_000340,83536.35,INR,2026-05-12T07:42:00,,0.00,,0.00,,0.00,,ADJ_000340,0.00,UNEXPLAINED_DISCREPANCY,UNEXPLAINED_DISCREPANCY
TXN_000341,MER_002,ORD_000341,,MISSING,84775.00,INR,2026-05-03T10:16:00,,0.00,INR,,,0.00,,0.00,,0.00,,ADJ_000341,0.00,ORDER_WITHOUT_PAYMENT,ORDER_WITHOUT_PAYMENT
TXN_000342,MER_001,ORD_000342,PAY_000342,SUCCESS,47626.00,INR,2026-02-26T14:27:00,SET_000342,47626.00,INR,2026-02-27T14:27:00,,0.00,,0.00,,0.00,,ADJ_000342,0.00,DUPLICATE_PAYMENT_ATTEMPT,DUPLICATE_PAYMENT_ATTEMPT
TXN_000343,MER_006,ORD_000343,PAY_000343,SUCCESS,63836.00,INR,2026-02-05T07:53:00,SET_000343,0.00,INR,2026-02-06T07:53:00,,0.00,,0.00,REF_000343,89370.40,PROCESSED,ADJ_000343,0.00,INVALID_REFUND,INVALID_REFUND
TXN_000344,MER_003,ORD_000344,,MISSING,10214.00,INR,2026-02-24T05:20:00,,0.00,INR,,,0.00,,0.00,,0.00,,ADJ_000344,0.00,ORDER_WITHOUT_PAYMENT,ORDER_WITHOUT_PAYMENT
TXN_000345,MER_001,ORD_000345,PAY_000345,SUCCESS,86860.00,INR,2026-03-03T16:20:00,SET_000345,86860.00,INR,2026-03-06T16:20:00,,0.00,,0.00,,0.00,,ADJ_000345,0.00,DUPLICATE_PAYMENT_ATTEMPT,DUPLICATE_PAYMENT_ATTEMPT
TXN_000346,MER_007,ORD_000346,PAY_000346,SUCCESS,20318.00,INR,2026-01-30T21:52:00,SET_000346,20318.00,INR,2026-01-31T21:52:00,,0.00,,0.00,,0.00,,ADJ_000346,0.00,NORMAL,NORMAL
TXN_000347,MER_003,ORD_000347,PAY_000347,SUCCESS,94626.00,INR,2026-03-22T01:13:00,SET_000347,94626.00,INR,2026-03-23T01:13:00,,0.00,,0.00,REF_000347,18925.20,PROCESSED,ADJ_000347,0.00,UNSUPPORTED_REFUND,UNSUPPORTED_REFUND
TXN_000348,MER_004,ORD_000348,PAY_000348,SUCCESS,58322.00,INR,2026-04-22T12:43:00,SET_000348,43741.50,INR,2026-04-24T12:43:00,,0.00,,0.00,REF_000348,14580.50,PROCESSED,ADJ_000348,0.00,RECONCILED_REFUND,RECONCILED_REFUND
TXN_000349,MER_008,ORD_000349,PAY_000349,SUCCESS,30771.00,INR,2026-04-08T14:07:00,SET_000349,29232.45,INR,2026-04-09T14:07:00,,0.00,,0.00,,0.00,,ADJ_000349,0.00,UNEXPLAINED_DISCREPANCY,UNEXPLAINED_DISCREPANCY
TXN_000350,MER_008,ORD_000350,PAY_000350,SUCCESS,25530.00,INR,2026-03-09T08:07:00,SET_000350,24927.49,INR,2026-03-12T08:07:00,FEE_000350,510.60,PROCESSING_FEE,91.91,,0.00,,ADJ_000350,0.00,RECONCILED_TAX,RECONCILED_TAX
TXN_000351,MER_008,ORD_000351,PAY_000351,SUCCESS,60613.00,INR,2026-05-21T10:43:00,SET_000351,0.00,INR,2026-05-23T10:43:00,,0.00,,0.00,REF_000351,84858.20,PROCESSED,ADJ_000351,0.00,INVALID_REFUND,INVALID_REFUND
TXN_000352,MER_007,ORD_000352,PAY_000352,SUCCESS,21341.00,INR,2026-05-30T02:03:00,SET_000352,20273.95,INR,2026-05-31T02:03:00,,0.00,,0.00,,0.00,,ADJ_000352,0.00,UNEXPLAINED_DISCREPANCY,UNEXPLAINED_DISCREPANCY
TXN_000353,MER_003,ORD_000353,PAY_000353,SUCCESS,32868.00,INR,2026-01-10T20:58:00,SET_000353,31224.60,INR,2026-01-13T20:58:00,,0.00,,0.00,,0.00,,ADJ_000353,0.00,UNEXPLAINED_DISCREPANCY,UNEXPLAINED_DISCREPANCY
TXN_000354,MER_006,ORD_000354,PAY_000354,FAILED,72784.00,INR,2026-06-20T10:59:00,SET_000354,0.00,INR,2026-06-21T10:59:00,,0.00,,0.00,,0.00,,ADJ_000354,0.00,PAYMENT_FAILED,PAYMENT_FAILED
TXN_000355,MER_002,ORD_000355,PAY_000355,SUCCESS,37463.00,INR,2026-01-16T15:27:00,,0.00,INR,,,0.00,,0.00,,0.00,,ADJ_000355,0.00,MISSING_SETTLEMENT,MISSING_SETTLEMENT
TXN_000356,MER_003,ORD_000356,PAY_000356,SUCCESS,57440.00,INR,2026-01-18T01:42:00,SET_000356,56291.20,INR,2026-01-19T01:42:00,FEE_000356,1148.80,PROCESSING_FEE,0.00,,0.00,,ADJ_000356,0.00,PROCESSING_FEE,PROCESSING_FEE
TXN_000357,MER_006,ORD_000357,PAY_000357,SUCCESS,3595.00,INR,2026-03-17T21:42:00,SET_000357,3415.25,INR,2026-03-18T21:42:00,,0.00,,0.00,,0.00,,ADJ_000357,0.00,UNEXPLAINED_DISCREPANCY,UNEXPLAINED_DISCREPANCY
TXN_000358,MER_006,ORD_000358,PAY_000358,SUCCESS,31003.00,INR,2026-03-12T16:11:00,SET_000358,23252.25,INR,2026-03-13T16:11:00,,0.00,,0.00,REF_000358,7750.75,PROCESSED,ADJ_000358,0.00,RECONCILED_REFUND,RECONCILED_REFUND
TXN_000359,MER_001,ORD_000359,PAY_000359,SUCCESS,41870.00,INR,2026-06-19T19:50:00,SET_000359,31402.50,INR,2026-06-20T19:50:00,,0.00,,0.00,REF_000359,10467.50,PROCESSED,ADJ_000359,0.00,RECONCILED_REFUND,RECONCILED_REFUND
TXN_000360,MER_006,ORD_000360,PAY_000360,SUCCESS,19242.00,INR,2026-01-26T10:10:00,SET_000360,19242.00,INR,2026-01-27T10:10:00,,0.00,,0.00,REF_000360,3848.40,PROCESSED,ADJ_000360,0.00,UNSUPPORTED_REFUND,UNSUPPORTED_REFUND
TXN_000361,MER_008,ORD_000361,PAY_000361,SUCCESS,91335.00,INR,2026-06-01T16:10:00,SET_000361,89508.30,INR,2026-06-02T16:10:00,FEE_000361,1826.70,PROCESSING_FEE,0.00,,0.00,,ADJ_000361,0.00,PROCESSING_FEE,PROCESSING_FEE
TXN_000362,MER_008,ORD_000362,PAY_000362,SUCCESS,58899.00,INR,2026-04-23T09:29:00,SET_000362,55954.05,INR,2026-04-24T09:29:00,,0.00,,0.00,,0.00,,ADJ_000362,0.00,UNEXPLAINED_DISCREPANCY,UNEXPLAINED_DISCREPANCY
TXN_000363,MER_001,ORD_000363,PAY_000363,SUCCESS,33644.00,INR,2026-02-09T15:12:00,SET_000363,33644.00,INR,2026-02-10T15:12:00,,0.00,,0.00,,0.00,,ADJ_000363,0.00,DUPLICATE_SETTLEMENT,DUPLICATE_SETTLEMENT
TXN_000364,MER_007,ORD_000364,PAY_000364,SUCCESS,14673.00,INR,2026-05-22T16:08:00,SET_000364,14673.00,INR,2026-05-24T16:08:00,,0.00,,0.00,,0.00,,ADJ_000364,0.00,DUPLICATE_PAYMENT_ATTEMPT,DUPLICATE_PAYMENT_ATTEMPT
TXN_000365,MER_002,ORD_000365,PAY_000365,SUCCESS,6358.00,INR,2026-02-13T18:45:00,SET_000365,6230.84,INR,2026-02-15T18:45:00,FEE_000365,127.16,PROCESSING_FEE,0.00,,0.00,,ADJ_000365,0.00,PROCESSING_FEE,PROCESSING_FEE
TXN_000366,MER_008,ORD_000366,PAY_000366,SUCCESS,8332.00,INR,2026-01-21T13:20:00,SET_000366,6249.00,INR,2026-01-23T13:20:00,,0.00,,0.00,REF_000366,2083.00,PROCESSED,ADJ_000366,0.00,RECONCILED_PARTIAL,RECONCILED_PARTIAL
TXN_000367,MER_001,ORD_000367,PAY_000367,SUCCESS,82931.00,INR,2026-04-05T04:42:00,SET_000367,82931.00,INR,2026-04-10T04:42:00,,0.00,,0.00,,0.00,,ADJ_000367,0.00,SETTLEMENT_DELAY,SETTLEMENT_DELAY
TXN_000368,MER_003,ORD_000368,PAY_000368,SUCCESS,38277.00,INR,2026-03-20T12:22:00,SET_000368,37511.46,INR,2026-03-21T12:22:00,FEE_000368,765.54,PROCESSING_FEE,0.00,,0.00,,ADJ_000368,0.00,PROCESSING_FEE,PROCESSING_FEE
TXN_000369,MER_004,ORD_000369,PAY_000369,SUCCESS,74898.00,INR,2026-03-18T05:00:00,SET_000369,74898.00,INR,2026-03-23T05:00:00,,0.00,,0.00,,0.00,,ADJ_000369,0.00,SETTLEMENT_DELAY,SETTLEMENT_DELAY
TXN_000370,MER_002,ORD_000370,PAY_000370,SUCCESS,68714.00,INR,2026-06-27T19:19:00,SET_000370,51535.50,INR,2026-06-29T19:19:00,,0.00,,0.00,REF_000370,17178.50,PROCESSED,ADJ_000370,0.00,RECONCILED_PARTIAL,RECONCILED_PARTIAL
TXN_000371,MER_001,ORD_000371,PAY_000371,SUCCESS,51277.00,INR,2026-06-09T08:38:00,SET_000371,51277.00,INR,2026-06-11T08:38:00,,0.00,,0.00,,0.00,,ADJ_000371,0.00,NORMAL,NORMAL
TXN_000372,MER_007,ORD_000372,PAY_000372,SUCCESS,49029.00,INR,2026-02-16T13:12:00,SET_000372,49029.00,INR,2026-02-19T13:12:00,,0.00,,0.00,,0.00,,ADJ_000372,0.00,NORMAL,NORMAL
TXN_000373,MER_002,ORD_000373,PAY_000373,SUCCESS,45293.00,INR,2026-02-14T06:29:00,SET_000373,45293.00,INR,2026-02-17T06:29:00,,0.00,,0.00,,0.00,,ADJ_000373,0.00,NORMAL,NORMAL
TXN_000374,MER_002,ORD_000374,PAY_000374,SUCCESS,76371.00,INR,2026-05-15T05:04:00,SET_000374,57278.25,INR,2026-05-17T05:04:00,,0.00,,0.00,REF_000374,19092.75,PROCESSED,ADJ_000374,0.00,RECONCILED_PARTIAL,RECONCILED_PARTIAL
TXN_000375,MER_006,ORD_000375,PAY_000375,SUCCESS,71667.00,INR,2026-03-04T00:08:00,SET_000375,71667.00,INR,2026-03-07T00:08:00,,0.00,,0.00,,0.00,,ADJ_000375,0.00,NORMAL,NORMAL
TXN_000376,MER_008,ORD_000376,PAY_000376,SUCCESS,91246.00,INR,2026-03-29T11:44:00,SET_000376,91246.00,INR,2026-04-01T11:44:00,,0.00,,0.00,,0.00,,ADJ_000376,0.00,NORMAL,NORMAL
TXN_000377,MER_003,ORD_000377,PAY_000377,SUCCESS,8370.00,INR,2026-05-11T17:26:00,SET_000377,8370.00,INR,2026-05-13T17:26:00,,0.00,,0.00,,0.00,,ADJ_000377,0.00,NORMAL,NORMAL
TXN_000378,MER_004,ORD_000378,PAY_000378,SUCCESS,5841.00,INR,2026-05-25T09:24:00,SET_000378,5841.00,INR,2026-05-26T09:24:00,,0.00,,0.00,,0.00,,ADJ_000378,0.00,NORMAL,NORMAL
TXN_000379,MER_006,ORD_000379,PAY_000379,SUCCESS,40742.00,INR,2026-04-05T04:44:00,SET_000379,40742.00,INR,2026-04-07T04:44:00,,0.00,,0.00,,0.00,,ADJ_000379,0.00,DUPLICATE_SETTLEMENT,DUPLICATE_SETTLEMENT
TXN_000380,MER_008,ORD_000380,,MISSING,33302.00,INR,2026-01-08T00:59:00,,0.00,INR,,,0.00,,0.00,,0.00,,ADJ_000380,0.00,ORDER_WITHOUT_PAYMENT,ORDER_WITHOUT_PAYMENT
TXN_000381,MER_006,ORD_000381,PAY_000381,SUCCESS,6365.00,INR,2026-06-07T23:43:00,SET_000381,6365.00,INR,2026-06-10T23:43:00,,0.00,,0.00,,0.00,,ADJ_000381,0.00,NORMAL,NORMAL
TXN_000382,MER_002,ORD_000382,PAY_000382,SUCCESS,48337.00,INR,2026-03-21T22:04:00,SET_000382,47196.25,INR,2026-03-23T22:04:00,FEE_000382,966.74,PROCESSING_FEE,174.01,,0.00,,ADJ_000382,0.00,RECONCILED_TAX,RECONCILED_TAX
TXN_000383,MER_007,ORD_000383,PAY_000383,SUCCESS,44538.00,INR,2026-06-27T15:15:00,,0.00,INR,,,0.00,,0.00,,0.00,,ADJ_000383,0.00,MISSING_SETTLEMENT,MISSING_SETTLEMENT
TXN_000384,MER_008,ORD_000384,PAY_000384,FAILED,48248.00,INR,2026-06-18T15:22:00,SET_000384,0.00,INR,2026-06-21T15:22:00,,0.00,,0.00,,0.00,,ADJ_000384,0.00,PAYMENT_FAILED,PAYMENT_FAILED
TXN_000385,MER_002,ORD_000385,PAY_000385,SUCCESS,95400.00,INR,2026-03-19T15:40:00,SET_000385,93492.00,INR,2026-03-20T15:40:00,FEE_000385,1908.00,PROCESSING_FEE,0.00,,0.00,,ADJ_000385,0.00,PROCESSING_FEE,PROCESSING_FEE
TXN_000386,MER_003,ORD_000386,PAY_000386,SUCCESS,71596.00,INR,2026-02-23T20:29:00,SET_000386,53697.00,INR,2026-02-25T20:29:00,,0.00,,0.00,REF_000386,17899.00,PROCESSED,ADJ_000386,0.00,RECONCILED_REFUND,RECONCILED_REFUND
TXN_000387,MER_006,ORD_000387,PAY_000387,SUCCESS,86728.00,INR,2026-02-24T04:40:00,SET_000387,86728.00,INR,2026-02-26T04:40:00,,0.00,,0.00,,0.00,,ADJ_000387,0.00,NORMAL,NORMAL
TXN_000388,MER_007,ORD_000388,PAY_000388,FAILED,21942.00,INR,2026-05-06T22:37:00,SET_000388,0.00,INR,2026-05-08T22:37:00,,0.00,,0.00,,0.00,,ADJ_000388,0.00,PAYMENT_FAILED,PAYMENT_FAILED
TXN_000389,MER_001,ORD_000389,PAY_000389,SUCCESS,95365.00,INR,2026-06-08T18:15:00,SET_000389,93114.39,INR,2026-06-10T18:15:00,FEE_000389,1907.30,PROCESSING_FEE,343.31,,0.00,,ADJ_000389,0.00,RECONCILED_TAX,RECONCILED_TAX
TXN_000390,MER_007,ORD_000390,PAY_000390,SUCCESS,36086.00,INR,2026-04-27T18:53:00,SET_000390,36086.00,INR,2026-05-02T18:53:00,,0.00,,0.00,,0.00,,ADJ_000390,0.00,SETTLEMENT_DELAY,SETTLEMENT_DELAY
TXN_000391,MER_007,ORD_000391,PAY_000391,SUCCESS,47719.00,INR,2026-04-04T18:42:00,SET_000391,47719.00,INR,2026-04-07T18:42:00,,0.00,,0.00,,0.00,,ADJ_000391,0.00,NORMAL,NORMAL
TXN_000392,MER_001,ORD_000392,PAY_000392,SUCCESS,18814.00,INR,2026-06-04T20:53:00,SET_000392,14110.50,INR,2026-06-07T20:53:00,,0.00,,0.00,REF_000392,4703.50,PROCESSED,ADJ_000392,0.00,RECONCILED_PARTIAL,RECONCILED_PARTIAL
TXN_000393,MER_008,ORD_000393,PAY_000393,SUCCESS,4661.00,INR,2026-01-24T08:30:00,SET_000393,3495.75,INR,2026-01-25T08:30:00,,0.00,,0.00,REF_000393,1165.25,PROCESSED,ADJ_000393,0.00,RECONCILED_PARTIAL,RECONCILED_PARTIAL
TXN_000394,MER_006,ORD_000394,PAY_000394,SUCCESS,47567.00,INR,2026-03-12T01:42:00,SET_000394,46615.66,INR,2026-03-15T01:42:00,FEE_000394,951.34,PROCESSING_FEE,0.00,,0.00,,ADJ_000394,0.00,PROCESSING_FEE,PROCESSING_FEE
TXN_000395,MER_003,ORD_000395,PAY_000395,SUCCESS,89106.00,INR,2026-03-24T06:44:00,SET_000395,89106.00,INR,2026-03-26T06:44:00,,0.00,,0.00,,0.00,,ADJ_000395,0.00,NORMAL,NORMAL
TXN_000396,MER_002,ORD_000396,PAY_000396,SUCCESS,75325.00,INR,2026-01-26T10:35:00,SET_000396,56493.75,INR,2026-01-29T10:35:00,,0.00,,0.00,REF_000396,18831.25,PROCESSED,ADJ_000396,0.00,RECONCILED_REFUND,RECONCILED_REFUND
TXN_000397,MER_006,ORD_000397,PAY_000397,SUCCESS,85239.00,INR,2026-02-21T02:36:00,SET_000397,83227.36,INR,2026-02-22T02:36:00,FEE_000397,1704.78,PROCESSING_FEE,306.86,,0.00,,ADJ_000397,0.00,RECONCILED_TAX,RECONCILED_TAX
TXN_000398,MER_001,,PAY_000398,SUCCESS,96526.00,INR,2026-02-04T05:51:00,SET_000398,96526.00,INR,2026-02-06T05:51:00,,0.00,,0.00,,0.00,,ADJ_000398,0.00,ORPHAN_PAYMENT,ORPHAN_PAYMENT
TXN_000399,MER_002,ORD_000399,PAY_000399,SUCCESS,34411.00,INR,2026-05-22T10:52:00,SET_000399,34411.00,INR,2026-05-24T10:52:00,,0.00,,0.00,,0.00,,ADJ_000399,0.00,DUPLICATE_PAYMENT_ATTEMPT,DUPLICATE_PAYMENT_ATTEMPT
TXN_000400,MER_004,ORD_000400,PAY_000400,SUCCESS,80299.00,INR,2026-02-22T08:42:00,,0.00,INR,,,0.00,,0.00,,0.00,,ADJ_000400,0.00,MISSING_SETTLEMENT,MISSING_SETTLEMENT
TXN_000401,MER_008,ORD_000401,PAY_000401,SUCCESS,26337.00,INR,2026-01-23T16:48:00,SET_000401,26337.00,INR,2026-01-24T16:48:00,,0.00,,0.00,,0.00,,ADJ_000401,0.00,DUPLICATE_SETTLEMENT,DUPLICATE_SETTLEMENT
TXN_000402,MER_008,ORD_000402,PAY_000402,SUCCESS,22730.00,INR,2026-06-13T23:23:00,SET_000402,22730.00,INR,2026-06-16T23:23:00,,0.00,,0.00,REF_000402,4546.00,PROCESSED,ADJ_000402,0.00,UNSUPPORTED_REFUND,UNSUPPORTED_REFUND
TXN_000403,MER_002,ORD_000403,PAY_000403,FAILED,89481.00,INR,2026-06-26T12:20:00,SET_000403,0.00,INR,2026-06-28T12:20:00,,0.00,,0.00,,0.00,,ADJ_000403,0.00,PAYMENT_FAILED,PAYMENT_FAILED
TXN_000404,MER_002,ORD_000404,PAY_000404,SUCCESS,72189.00,INR,2026-04-10T01:46:00,SET_000404,54141.75,INR,2026-04-12T01:46:00,,0.00,,0.00,REF_000404,18047.25,PROCESSED,ADJ_000404,0.00,RECONCILED_PARTIAL,RECONCILED_PARTIAL
TXN_000405,MER_003,ORD_000405,PAY_000405,SUCCESS,93398.00,INR,2026-05-10T13:07:00,SET_000405,93398.00,INR,2026-05-13T13:07:00,,0.00,,0.00,,0.00,,ADJ_000405,0.00,DUPLICATE_SETTLEMENT,DUPLICATE_SETTLEMENT
TXN_000406,MER_006,ORD_000406,PAY_000406,SUCCESS,66783.00,INR,2026-02-11T04:43:00,SET_000406,50087.25,INR,2026-02-12T04:43:00,,0.00,,0.00,REF_000406,16695.75,PROCESSED,ADJ_000406,0.00,RECONCILED_PARTIAL,RECONCILED_PARTIAL
TXN_000407,MER_003,ORD_000407,,MISSING,31129.00,INR,2026-05-25T06:11:00,,0.00,INR,,,0.00,,0.00,,0.00,,ADJ_000407,0.00,ORDER_WITHOUT_PAYMENT,ORDER_WITHOUT_PAYMENT
TXN_000408,MER_006,ORD_000408,PAY_000408,SUCCESS,61363.00,INR,2026-05-27T16:15:00,SET_000408,61363.00,INR,2026-05-30T16:15:00,,0.00,,0.00,,0.00,,ADJ_000408,0.00,NORMAL,NORMAL
TXN_000409,MER_002,ORD_000409,PAY_000409,SUCCESS,8717.00,INR,2026-02-26T16:18:00,SET_000409,8717.00,INR,2026-02-28T16:18:00,,0.00,,0.00,,0.00,,ADJ_000409,0.00,NORMAL,NORMAL
TXN_000410,MER_008,ORD_000410,,MISSING,69003.00,INR,2026-03-17T03:47:00,,0.00,INR,,,0.00,,0.00,,0.00,,ADJ_000410,0.00,ORDER_WITHOUT_PAYMENT,ORDER_WITHOUT_PAYMENT
TXN_000411,MER_002,ORD_000411,PAY_000411,SUCCESS,16526.00,INR,2026-06-27T09:23:00,SET_000411,16526.00,INR,2026-06-29T09:23:00,,0.00,,0.00,REF_000411,3305.20,PROCESSED,ADJ_000411,0.00,UNSUPPORTED_REFUND,UNSUPPORTED_REFUND
TXN_000412,MER_008,ORD_000412,PAY_000412,SUCCESS,61157.00,INR,2026-05-05T04:26:00,SET_000412,45867.75,INR,2026-05-08T04:26:00,,0.00,,0.00,REF_000412,15289.25,PROCESSED,ADJ_000412,0.00,RECONCILED_PARTIAL,RECONCILED_PARTIAL
TXN_000413,MER_003,ORD_000413,PAY_000413,SUCCESS,17012.00,INR,2026-03-21T03:08:00,SET_000413,16610.52,INR,2026-03-24T03:08:00,FEE_000413,340.24,PROCESSING_FEE,61.24,,0.00,,ADJ_000413,0.00,RECONCILED_TAX,RECONCILED_TAX
TXN_000414,MER_001,ORD_000414,PAY_000414,SUCCESS,16374.00,INR,2026-04-05T16:37:00,SET_000414,16374.00,INR,2026-04-06T16:37:00,,0.00,,0.00,,0.00,,ADJ_000414,0.00,DUPLICATE_SETTLEMENT,DUPLICATE_SETTLEMENT
TXN_000415,MER_003,ORD_000415,PAY_000415,SUCCESS,42391.00,INR,2026-06-20T12:55:00,SET_000415,41390.57,INR,2026-06-23T12:55:00,FEE_000415,847.82,PROCESSING_FEE,152.61,,0.00,,ADJ_000415,0.00,RECONCILED_TAX,RECONCILED_TAX
TXN_000416,MER_005,ORD_000416,PAY_000416,SUCCESS,10436.00,INR,2026-02-15T23:54:00,SET_000416,10227.28,INR,2026-02-16T23:54:00,FEE_000416,208.72,PROCESSING_FEE,0.00,,0.00,,ADJ_000416,0.00,PROCESSING_FEE,PROCESSING_FEE
TXN_000417,MER_005,ORD_000417,PAY_000417,SUCCESS,16506.00,INR,2026-04-25T03:45:00,SET_000417,12379.50,INR,2026-04-27T03:45:00,,0.00,,0.00,REF_000417,4126.50,PROCESSED,ADJ_000417,0.00,RECONCILED_PARTIAL,RECONCILED_PARTIAL
TXN_000418,MER_002,ORD_000418,PAY_000418,SUCCESS,65973.00,INR,2026-04-28T01:31:00,SET_000418,65973.00,INR,2026-05-03T01:31:00,,0.00,,0.00,,0.00,,ADJ_000418,0.00,SETTLEMENT_DELAY,SETTLEMENT_DELAY
TXN_000419,MER_003,ORD_000419,PAY_000419,SUCCESS,22539.00,INR,2026-05-01T07:02:00,SET_000419,22539.00,INR,2026-05-06T07:02:00,,0.00,,0.00,,0.00,,ADJ_000419,0.00,SETTLEMENT_DELAY,SETTLEMENT_DELAY
TXN_000420,MER_006,ORD_000420,PAY_000420,SUCCESS,73974.00,INR,2026-01-08T20:58:00,,0.00,INR,,,0.00,,0.00,,0.00,,ADJ_000420,0.00,MISSING_SETTLEMENT,MISSING_SETTLEMENT
TXN_000421,MER_005,ORD_000421,PAY_000421,SUCCESS,85444.00,INR,2026-02-08T18:02:00,SET_000421,85444.00,INR,2026-02-11T18:02:00,,0.00,,0.00,,0.00,,ADJ_000421,0.00,NORMAL,NORMAL
TXN_000422,MER_001,ORD_000422,PAY_000422,SUCCESS,65378.00,INR,2026-06-12T05:05:00,SET_000422,49033.50,INR,2026-06-15T05:05:00,,0.00,,0.00,REF_000422,16344.50,PROCESSED,ADJ_000422,0.00,RECONCILED_REFUND,RECONCILED_REFUND
TXN_000423,MER_005,ORD_000423,PAY_000423,SUCCESS,63400.00,INR,2026-02-14T22:53:00,SET_000423,63400.00,INR,2026-02-17T22:53:00,,0.00,,0.00,,0.00,,ADJ_000423,0.00,DUPLICATE_PAYMENT_ATTEMPT,DUPLICATE_PAYMENT_ATTEMPT
TXN_000424,MER_008,ORD_000424,PAY_000424,SUCCESS,9664.00,INR,2026-05-06T17:35:00,SET_000424,7248.00,INR,2026-05-07T17:35:00,,0.00,,0.00,REF_000424,2416.00,PROCESSED,ADJ_000424,0.00,RECONCILED_REFUND,RECONCILED_REFUND
TXN_000425,MER_007,ORD_000425,PAY_000425,SUCCESS,63571.00,INR,2026-03-26T22:10:00,SET_000425,63571.00,INR,2026-03-27T22:10:00,,0.00,,0.00,,0.00,,ADJ_000425,0.00,NORMAL,NORMAL
TXN_000426,MER_003,ORD_000426,PAY_000426,SUCCESS,41070.00,INR,2026-06-07T04:53:00,SET_000426,40100.75,INR,2026-06-10T04:53:00,FEE_000426,821.40,PROCESSING_FEE,147.85,,0.00,,ADJ_000426,0.00,RECONCILED_TAX,RECONCILED_TAX
TXN_000427,MER_006,ORD_000427,PAY_000427,SUCCESS,52360.00,INR,2026-01-25T04:19:00,SET_000427,51124.30,INR,2026-01-27T04:19:00,FEE_000427,1047.20,PROCESSING_FEE,188.50,,0.00,,ADJ_000427,0.00,RECONCILED_TAX,RECONCILED_TAX
TXN_000428,MER_002,ORD_000428,PAY_000428,SUCCESS,41927.00,INR,2026-02-14T09:10:00,SET_000428,41927.00,INR,2026-02-16T09:10:00,,0.00,,0.00,,0.00,,ADJ_000428,0.00,DUPLICATE_PAYMENT_ATTEMPT,DUPLICATE_PAYMENT_ATTEMPT
TXN_000429,MER_008,ORD_000429,PAY_000429,SUCCESS,32595.00,INR,2026-01-27T00:30:00,SET_000429,32595.00,INR,2026-01-28T00:30:00,,0.00,,0.00,,0.00,,ADJ_000429,0.00,NORMAL,NORMAL
TXN_000430,MER_007,ORD_000430,PAY_000430,SUCCESS,80758.00,INR,2026-03-18T11:51:00,SET_000430,80758.00,INR,2026-03-19T11:51:00,,0.00,,0.00,,0.00,,ADJ_000430,0.00,NORMAL,NORMAL
TXN_000431,MER_003,,PAY_000431,SUCCESS,43017.00,INR,2026-06-20T08:37:00,SET_000431,43017.00,INR,2026-06-23T08:37:00,,0.00,,0.00,,0.00,,ADJ_000431,0.00,ORPHAN_PAYMENT,ORPHAN_PAYMENT
TXN_000432,MER_004,ORD_000432,PAY_000432,SUCCESS,20985.00,INR,2026-04-02T01:57:00,,0.00,INR,,,0.00,,0.00,,0.00,,ADJ_000432,0.00,MISSING_SETTLEMENT,MISSING_SETTLEMENT
TXN_000433,MER_005,ORD_000433,PAY_000433,FAILED,65291.00,INR,2026-01-05T14:15:00,SET_000433,0.00,INR,2026-01-06T14:15:00,,0.00,,0.00,,0.00,,ADJ_000433,0.00,PAYMENT_FAILED,PAYMENT_FAILED
TXN_000434,MER_008,ORD_000434,PAY_000434,SUCCESS,31652.00,INR,2026-02-09T12:58:00,SET_000434,0.00,INR,2026-02-12T12:58:00,,0.00,,0.00,REF_000434,44312.80,PROCESSED,ADJ_000434,0.00,INVALID_REFUND,INVALID_REFUND
TXN_000435,MER_001,ORD_000435,PAY_000435,SUCCESS,36977.00,INR,2026-04-01T11:13:00,SET_000435,36104.34,INR,2026-04-04T11:13:00,FEE_000435,739.54,PROCESSING_FEE,133.12,,0.00,,ADJ_000435,0.00,RECONCILED_TAX,RECONCILED_TAX
TXN_000436,MER_008,ORD_000436,PAY_000436,SUCCESS,37553.00,INR,2026-04-09T01:50:00,SET_000436,37553.00,INR,2026-04-10T01:50:00,,0.00,,0.00,,0.00,,ADJ_000436,0.00,DUPLICATE_SETTLEMENT,DUPLICATE_SETTLEMENT
TXN_000437,MER_007,ORD_000437,PAY_000437,SUCCESS,17655.00,INR,2026-06-11T00:30:00,SET_000437,17655.00,INR,2026-06-13T00:30:00,,0.00,,0.00,REF_000437,3531.00,PROCESSED,ADJ_000437,0.00,UNSUPPORTED_REFUND,UNSUPPORTED_REFUND
TXN_000438,MER_007,ORD_000438,PAY_000438,SUCCESS,48064.00,INR,2026-01-09T14:40:00,,0.00,INR,,,0.00,,0.00,,0.00,,ADJ_000438,0.00,MISSING_SETTLEMENT,MISSING_SETTLEMENT
TXN_000439,MER_004,ORD_000439,PAY_000439,SUCCESS,47616.00,INR,2026-04-12T02:04:00,SET_000439,47616.00,INR,2026-04-14T02:04:00,,0.00,,0.00,,0.00,,ADJ_000439,0.00,NORMAL,NORMAL
TXN_000440,MER_008,ORD_000440,PAY_000440,SUCCESS,72170.00,INR,2026-02-21T07:07:00,SET_000440,72170.00,INR,2026-02-24T07:07:00,,0.00,,0.00,,0.00,,ADJ_000440,0.00,NORMAL,NORMAL
TXN_000441,MER_002,ORD_000441,PAY_000441,SUCCESS,16964.00,INR,2026-06-27T21:12:00,,0.00,INR,,,0.00,,0.00,,0.00,,ADJ_000441,0.00,MISSING_SETTLEMENT,MISSING_SETTLEMENT
TXN_000442,MER_006,ORD_000442,PAY_000442,SUCCESS,73216.00,INR,2026-06-21T07:19:00,SET_000442,54912.00,INR,2026-06-23T07:19:00,,0.00,,0.00,REF_000442,18304.00,PROCESSED,ADJ_000442,0.00,RECONCILED_REFUND,RECONCILED_REFUND
TXN_000443,MER_004,ORD_000443,PAY_000443,SUCCESS,79066.00,INR,2026-04-04T01:23:00,SET_000443,75112.70,INR,2026-04-06T01:23:00,,0.00,,0.00,,0.00,,ADJ_000443,0.00,UNEXPLAINED_DISCREPANCY,UNEXPLAINED_DISCREPANCY
TXN_000444,MER_001,ORD_000444,PAY_000444,SUCCESS,5200.00,INR,2026-01-26T07:43:00,SET_000444,5200.00,INR,2026-01-29T07:43:00,,0.00,,0.00,,0.00,,ADJ_000444,0.00,DUPLICATE_PAYMENT_ATTEMPT,DUPLICATE_PAYMENT_ATTEMPT
TXN_000445,MER_008,ORD_000445,PAY_000445,SUCCESS,68169.00,INR,2026-03-25T13:36:00,SET_000445,66560.21,INR,2026-03-26T13:36:00,FEE_000445,1363.38,PROCESSING_FEE,245.41,,0.00,,ADJ_000445,0.00,RECONCILED_TAX,RECONCILED_TAX
TXN_000446,MER_003,ORD_000446,PAY_000446,SUCCESS,43087.00,INR,2026-06-19T22:12:00,SET_000446,43087.00,INR,2026-06-24T22:12:00,,0.00,,0.00,,0.00,,ADJ_000446,0.00,SETTLEMENT_DELAY,SETTLEMENT_DELAY
TXN_000447,MER_007,ORD_000447,PAY_000447,SUCCESS,80905.00,INR,2026-05-15T23:08:00,SET_000447,78995.64,INR,2026-05-17T23:08:00,FEE_000447,1618.10,PROCESSING_FEE,291.26,,0.00,,ADJ_000447,0.00,RECONCILED_TAX,RECONCILED_TAX
TXN_000448,MER_008,ORD_000448,PAY_000448,SUCCESS,92995.00,INR,2026-04-13T20:27:00,SET_000448,92995.00,INR,2026-04-18T20:27:00,,0.00,,0.00,,0.00,,ADJ_000448,0.00,SETTLEMENT_DELAY,SETTLEMENT_DELAY
TXN_000449,MER_001,ORD_000449,PAY_000449,FAILED,48381.00,INR,2026-03-02T16:12:00,SET_000449,0.00,INR,2026-03-05T16:12:00,,0.00,,0.00,,0.00,,ADJ_000449,0.00,PAYMENT_FAILED,PAYMENT_FAILED
TXN_000450,MER_007,ORD_000450,PAY_000450,SUCCESS,76607.00,INR,2026-02-26T09:15:00,SET_000450,76607.00,INR,2026-03-01T09:15:00,,0.00,,0.00,,0.00,,ADJ_000450,0.00,NORMAL,NORMAL
TXN_000451,MER_001,ORD_000451,PAY_000451,SUCCESS,78338.00,INR,2026-03-28T18:30:00,SET_000451,78338.00,INR,2026-03-30T18:30:00,,0.00,,0.00,,0.00,,ADJ_000451,0.00,DUPLICATE_SETTLEMENT,DUPLICATE_SETTLEMENT
TXN_000452,MER_004,,PAY_000452,SUCCESS,94655.00,INR,2026-01-10T17:22:00,SET_000452,94655.00,INR,2026-01-13T17:22:00,,0.00,,0.00,,0.00,,ADJ_000452,0.00,ORPHAN_PAYMENT,ORPHAN_PAYMENT
TXN_000453,MER_007,ORD_000453,PAY_000453,FAILED,19469.00,INR,2026-05-30T22:53:00,SET_000453,0.00,INR,2026-06-02T22:53:00,,0.00,,0.00,,0.00,,ADJ_000453,0.00,PAYMENT_FAILED,PAYMENT_FAILED
TXN_000454,MER_002,ORD_000454,PAY_000454,SUCCESS,25106.00,INR,2026-01-04T19:44:00,SET_000454,24603.88,INR,2026-01-06T19:44:00,FEE_000454,502.12,PROCESSING_FEE,0.00,,0.00,,ADJ_000454,0.00,PROCESSING_FEE,PROCESSING_FEE
TXN_000455,MER_003,ORD_000455,PAY_000455,SUCCESS,54227.00,INR,2026-05-07T01:50:00,SET_000455,52947.24,INR,2026-05-08T01:50:00,FEE_000455,1084.54,PROCESSING_FEE,195.22,,0.00,,ADJ_000455,0.00,RECONCILED_TAX,RECONCILED_TAX
TXN_000456,MER_008,ORD_000456,PAY_000456,SUCCESS,96547.00,INR,2026-05-13T19:04:00,SET_000456,72410.25,INR,2026-05-14T19:04:00,,0.00,,0.00,REF_000456,24136.75,PROCESSED,ADJ_000456,0.00,RECONCILED_REFUND,RECONCILED_REFUND
TXN_000457,MER_004,ORD_000457,PAY_000457,SUCCESS,73616.00,INR,2026-03-01T13:09:00,,0.00,INR,,,0.00,,0.00,,0.00,,ADJ_000457,0.00,MISSING_SETTLEMENT,MISSING_SETTLEMENT
TXN_000458,MER_007,ORD_000458,PAY_000458,FAILED,41224.00,INR,2026-06-24T12:49:00,SET_000458,0.00,INR,2026-06-25T12:49:00,,0.00,,0.00,,0.00,,ADJ_000458,0.00,PAYMENT_FAILED,PAYMENT_FAILED
TXN_000459,MER_006,ORD_000459,PAY_000459,FAILED,71701.00,INR,2026-03-06T20:54:00,SET_000459,0.00,INR,2026-03-09T20:54:00,,0.00,,0.00,,0.00,,ADJ_000459,0.00,PAYMENT_FAILED,PAYMENT_FAILED
TXN_000460,MER_005,ORD_000460,PAY_000460,SUCCESS,80063.00,INR,2026-03-30T12:24:00,SET_000460,76059.85,INR,2026-03-31T12:24:00,,0.00,,0.00,,0.00,,ADJ_000460,0.00,UNEXPLAINED_DISCREPANCY,UNEXPLAINED_DISCREPANCY
TXN_000461,MER_005,ORD_000461,PAY_000461,SUCCESS,73249.00,INR,2026-02-24T17:09:00,SET_000461,0.00,INR,2026-02-25T17:09:00,,0.00,,0.00,REF_000461,102548.60,PROCESSED,ADJ_000461,0.00,INVALID_REFUND,INVALID_REFUND
TXN_000462,MER_005,ORD_000462,PAY_000462,SUCCESS,37980.00,INR,2026-05-09T16:45:00,SET_000462,0.00,INR,2026-05-10T16:45:00,,0.00,,0.00,REF_000462,53172.00,PROCESSED,ADJ_000462,0.00,INVALID_REFUND,INVALID_REFUND
TXN_000463,MER_008,ORD_000463,PAY_000463,SUCCESS,41655.00,INR,2026-03-29T17:17:00,,0.00,INR,,,0.00,,0.00,,0.00,,ADJ_000463,0.00,MISSING_SETTLEMENT,MISSING_SETTLEMENT
TXN_000464,MER_005,ORD_000464,PAY_000464,SUCCESS,37821.00,INR,2026-01-23T13:28:00,SET_000464,37821.00,INR,2026-01-28T13:28:00,,0.00,,0.00,,0.00,,ADJ_000464,0.00,SETTLEMENT_DELAY,SETTLEMENT_DELAY
TXN_000465,MER_007,ORD_000465,PAY_000465,SUCCESS,51812.00,INR,2026-05-30T08:32:00,SET_000465,38859.00,INR,2026-06-01T08:32:00,,0.00,,0.00,REF_000465,12953.00,PROCESSED,ADJ_000465,0.00,RECONCILED_PARTIAL,RECONCILED_PARTIAL
TXN_000466,MER_003,ORD_000466,PAY_000466,SUCCESS,38170.00,INR,2026-01-09T00:47:00,SET_000466,0.00,INR,2026-01-11T00:47:00,,0.00,,0.00,REF_000466,53438.00,PROCESSED,ADJ_000466,0.00,INVALID_REFUND,INVALID_REFUND
TXN_000467,MER_002,ORD_000467,PAY_000467,SUCCESS,45498.00,INR,2026-06-18T14:03:00,SET_000467,0.00,INR,2026-06-20T14:03:00,,0.00,,0.00,REF_000467,63697.20,PROCESSED,ADJ_000467,0.00,INVALID_REFUND,INVALID_REFUND
TXN_000468,MER_008,ORD_000468,PAY_000468,SUCCESS,28147.00,INR,2026-02-07T03:50:00,SET_000468,21110.25,INR,2026-02-10T03:50:00,,0.00,,0.00,REF_000468,7036.75,PROCESSED,ADJ_000468,0.00,RECONCILED_PARTIAL,RECONCILED_PARTIAL
TXN_000469,MER_005,ORD_000469,PAY_000469,SUCCESS,18092.00,INR,2026-01-21T06:13:00,SET_000469,17730.16,INR,2026-01-24T06:13:00,FEE_000469,361.84,PROCESSING_FEE,0.00,,0.00,,ADJ_000469,0.00,PROCESSING_FEE,PROCESSING_FEE
TXN_000470,MER_004,ORD_000470,PAY_000470,SUCCESS,31879.00,INR,2026-01-10T14:47:00,,0.00,INR,,,0.00,,0.00,,0.00,,ADJ_000470,0.00,MISSING_SETTLEMENT,MISSING_SETTLEMENT
TXN_000471,MER_004,ORD_000471,PAY_000471,SUCCESS,83716.00,INR,2026-02-12T18:16:00,SET_000471,83716.00,INR,2026-02-13T18:16:00,,0.00,,0.00,,0.00,,ADJ_000471,0.00,DUPLICATE_SETTLEMENT,DUPLICATE_SETTLEMENT
TXN_000472,MER_006,ORD_000472,PAY_000472,SUCCESS,94125.00,INR,2026-03-28T08:57:00,SET_000472,94125.00,INR,2026-03-29T08:57:00,,0.00,,0.00,,0.00,,ADJ_000472,0.00,NORMAL,NORMAL
TXN_000473,MER_003,ORD_000473,PAY_000473,SUCCESS,779.00,INR,2026-06-25T23:02:00,,0.00,INR,,,0.00,,0.00,,0.00,,ADJ_000473,0.00,MISSING_SETTLEMENT,MISSING_SETTLEMENT
TXN_000474,MER_003,,PAY_000474,SUCCESS,53434.00,INR,2026-04-30T05:31:00,SET_000474,53434.00,INR,2026-05-02T05:31:00,,0.00,,0.00,,0.00,,ADJ_000474,0.00,ORPHAN_PAYMENT,ORPHAN_PAYMENT
TXN_000475,MER_004,ORD_000475,PAY_000475,FAILED,99178.00,INR,2026-06-25T20:24:00,SET_000475,0.00,INR,2026-06-27T20:24:00,,0.00,,0.00,,0.00,,ADJ_000475,0.00,PAYMENT_FAILED,PAYMENT_FAILED
TXN_000476,MER_001,ORD_000476,PAY_000476,SUCCESS,11825.00,INR,2026-04-30T02:56:00,SET_000476,11545.93,INR,2026-05-03T02:56:00,FEE_000476,236.50,PROCESSING_FEE,42.57,,0.00,,ADJ_000476,0.00,RECONCILED_TAX,RECONCILED_TAX
TXN_000477,MER_001,ORD_000477,PAY_000477,SUCCESS,23046.00,INR,2026-03-18T10:46:00,SET_000477,22585.08,INR,2026-03-19T10:46:00,FEE_000477,460.92,PROCESSING_FEE,0.00,,0.00,,ADJ_000477,0.00,PROCESSING_FEE,PROCESSING_FEE
TXN_000478,MER_001,ORD_000478,PAY_000478,SUCCESS,52134.00,INR,2026-05-24T19:39:00,SET_000478,0.00,INR,2026-05-26T19:39:00,,0.00,,0.00,REF_000478,72987.60,PROCESSED,ADJ_000478,0.00,INVALID_REFUND,INVALID_REFUND
TXN_000479,MER_005,ORD_000479,PAY_000479,SUCCESS,5010.00,INR,2026-01-03T01:29:00,SET_000479,5010.00,INR,2026-01-05T01:29:00,,0.00,,0.00,,0.00,,ADJ_000479,0.00,NORMAL,NORMAL
TXN_000480,MER_002,ORD_000480,PAY_000480,SUCCESS,44014.00,INR,2026-02-22T04:16:00,SET_000480,44014.00,INR,2026-02-27T04:16:00,,0.00,,0.00,,0.00,,ADJ_000480,0.00,SETTLEMENT_DELAY,SETTLEMENT_DELAY
TXN_000481,MER_008,ORD_000481,,MISSING,17689.00,INR,2026-06-05T07:20:00,,0.00,INR,,,0.00,,0.00,,0.00,,ADJ_000481,0.00,ORDER_WITHOUT_PAYMENT,ORDER_WITHOUT_PAYMENT
TXN_000482,MER_004,ORD_000482,PAY_000482,FAILED,14864.00,INR,2026-03-02T13:46:00,SET_000482,0.00,INR,2026-03-03T13:46:00,,0.00,,0.00,,0.00,,ADJ_000482,0.00,PAYMENT_FAILED,PAYMENT_FAILED
TXN_000483,MER_005,ORD_000483,PAY_000483,SUCCESS,94288.00,INR,2026-02-04T06:30:00,,0.00,INR,,,0.00,,0.00,,0.00,,ADJ_000483,0.00,MISSING_SETTLEMENT,MISSING_SETTLEMENT
TXN_000484,MER_005,ORD_000484,PAY_000484,SUCCESS,74520.00,INR,2026-05-04T03:30:00,,0.00,INR,,,0.00,,0.00,,0.00,,ADJ_000484,0.00,MISSING_SETTLEMENT,MISSING_SETTLEMENT
TXN_000485,MER_007,ORD_000485,PAY_000485,SUCCESS,56159.00,INR,2026-04-05T04:17:00,SET_000485,56159.00,INR,2026-04-07T04:17:00,,0.00,,0.00,,0.00,,ADJ_000485,0.00,NORMAL,NORMAL
TXN_000486,MER_002,ORD_000486,PAY_000486,SUCCESS,24319.00,INR,2026-06-29T02:02:00,SET_000486,24319.00,INR,2026-06-30T02:02:00,,0.00,,0.00,,0.00,,ADJ_000486,0.00,NORMAL,NORMAL
TXN_000487,MER_004,ORD_000487,PAY_000487,FAILED,995.00,INR,2026-02-17T20:23:00,SET_000487,0.00,INR,2026-02-19T20:23:00,,0.00,,0.00,,0.00,,ADJ_000487,0.00,PAYMENT_FAILED,PAYMENT_FAILED
TXN_000488,MER_005,ORD_000488,PAY_000488,SUCCESS,43304.00,INR,2026-02-25T08:13:00,SET_000488,42437.92,INR,2026-02-28T08:13:00,FEE_000488,866.08,PROCESSING_FEE,0.00,,0.00,,ADJ_000488,0.00,PROCESSING_FEE,PROCESSING_FEE
TXN_000489,MER_001,ORD_000489,PAY_000489,SUCCESS,34382.00,INR,2026-04-30T08:59:00,,0.00,INR,,,0.00,,0.00,,0.00,,ADJ_000489,0.00,MISSING_SETTLEMENT,MISSING_SETTLEMENT
TXN_000490,MER_001,ORD_000490,PAY_000490,SUCCESS,87628.00,INR,2026-01-22T21:31:00,,0.00,INR,,,0.00,,0.00,,0.00,,ADJ_000490,0.00,MISSING_SETTLEMENT,MISSING_SETTLEMENT
TXN_000491,MER_007,ORD_000491,PAY_000491,SUCCESS,90025.00,INR,2026-04-02T20:32:00,SET_000491,87900.41,INR,2026-04-05T20:32:00,FEE_000491,1800.50,PROCESSING_FEE,324.09,,0.00,,ADJ_000491,0.00,RECONCILED_TAX,RECONCILED_TAX
TXN_000492,MER_002,ORD_000492,PAY_000492,SUCCESS,83817.00,INR,2026-06-17T03:38:00,SET_000492,79626.15,INR,2026-06-19T03:38:00,,0.00,,0.00,,0.00,,ADJ_000492,0.00,UNEXPLAINED_DISCREPANCY,UNEXPLAINED_DISCREPANCY
TXN_000493,MER_004,ORD_000493,PAY_000493,SUCCESS,28821.00,INR,2026-06-24T15:46:00,SET_000493,28140.82,INR,2026-06-25T15:46:00,FEE_000493,576.42,PROCESSING_FEE,103.76,,0.00,,ADJ_000493,0.00,RECONCILED_TAX,RECONCILED_TAX
TXN_000494,MER_008,ORD_000494,PAY_000494,FAILED,98107.00,INR,2026-04-21T15:30:00,SET_000494,0.00,INR,2026-04-23T15:30:00,,0.00,,0.00,,0.00,,ADJ_000494,0.00,PAYMENT_FAILED,PAYMENT_FAILED
TXN_000495,MER_008,ORD_000495,PAY_000495,SUCCESS,99367.00,INR,2026-04-09T05:27:00,SET_000495,74525.25,INR,2026-04-12T05:27:00,,0.00,,0.00,REF_000495,24841.75,PROCESSED,ADJ_000495,0.00,RECONCILED_REFUND,RECONCILED_REFUND
TXN_000496,MER_004,ORD_000496,PAY_000496,SUCCESS,89273.00,INR,2026-05-18T18:30:00,SET_000496,89273.00,INR,2026-05-21T18:30:00,,0.00,,0.00,REF_000496,17854.60,PROCESSED,ADJ_000496,0.00,UNSUPPORTED_REFUND,UNSUPPORTED_REFUND
TXN_000497,MER_002,ORD_000497,PAY_000497,SUCCESS,68979.00,INR,2026-03-23T16:52:00,SET_000497,68979.00,INR,2026-03-26T16:52:00,,0.00,,0.00,,0.00,,ADJ_000497,0.00,DUPLICATE_SETTLEMENT,DUPLICATE_SETTLEMENT
TXN_000498,MER_002,ORD_000498,PAY_000498,SUCCESS,74046.00,INR,2026-01-21T19:14:00,,0.00,INR,,,0.00,,0.00,,0.00,,ADJ_000498,0.00,MISSING_SETTLEMENT,MISSING_SETTLEMENT
TXN_000499,MER_004,ORD_000499,PAY_000499,SUCCESS,75165.00,INR,2026-04-09T01:42:00,SET_000499,75165.00,INR,2026-04-10T01:42:00,,0.00,,0.00,REF_000499,15033.00,PROCESSED,ADJ_000499,0.00,UNSUPPORTED_REFUND,UNSUPPORTED_REFUND
TXN_000500,MER_008,ORD_000500,PAY_000500,SUCCESS,15335.00,INR,2026-05-05T05:15:00,SET_000500,15335.00,INR,2026-05-06T05:15:00,,0.00,,0.00,,0.00,,ADJ_000500,0.00,NORMAL,NORMAL
